City_ID,City,Country,Date,Lat,Lng,Max Temp,Humidity,Cloudiness,Wind Speed
0,Puerto Ayora,EC,2022-02-06 20:24:52,-0.7393,-90.3518,84.16,88,53,8.01
1,Mataura,NZ,2022-02-06 20:24:53,-46.1927,168.8643,47.34,74,5,1.28
2,Albany,US,2022-02-06 20:24:53,42.6001,-73.9662,28.31,56,57,5.01
3,Chokurdakh,RU,2022-02-06 20:22:23,70.6333,147.9167,-39.57,100,91,2.21
4,Cape Town,ZA,2022-02-06 20:24:52,-33.9258,18.4232,67.12,75,20,6.91
5,Novikovo,RU,2022-02-06 20:24:54,51.1537,37.8879,29.43,92,100,10.36
6,Laguna,US,2022-02-06 20:24:55,38.421,-121.4238,69.44,53,0,1.99
7,Rikitea,PF,2022-02-06 20:24:56,-23.1203,-134.9692,79.12,70,1,17.02
8,Jatai,BR,2022-02-06 20:20:48,-17.8814,-51.7144,80.73,69,81,3.36
9,Boden,SE,2022-02-06 20:24:56,65.8252,21.6886,26.6,97,100,8.77
10,Atuona,PF,2022-02-06 20:24:57,-9.8,-139.0333,78.69,73,1,19.01
11,Fukue,JP,2022-02-06 20:24:37,32.6881,128.8419,43.9,62,96,16.82
12,Dabat,ET,2022-02-06 20:24:57,12.9842,37.765,52.32,50,0,3.18
13,Pangkalanbuun,ID,2022-02-06 20:24:58,-2.6833,111.6167,74.17,98,100,3.56
14,Cidreira,BR,2022-02-06 20:24:58,-30.1811,-50.2056,80.22,55,0,11.52
15,Gizo,SB,2022-02-06 20:21:58,-8.103,156.8419,82.71,79,100,13.24
16,Ankang,CN,2022-02-06 20:24:59,32.68,109.0172,28.42,94,100,2.3
17,Pierre,US,2022-02-06 20:23:40,44.3683,-100.351,45.86,43,40,1.01
18,Mar Del Plata,AR,2022-02-06 20:20:05,-38.0023,-57.5575,68.09,87,100,8.01
19,Thompson,CA,2022-02-06 20:23:48,55.7435,-97.8558,-3.84,54,20,8.05
20,Bluff,NZ,2022-02-06 20:25:00,-46.6,168.3333,48.31,72,3,5.14
21,Ushuaia,AR,2022-02-06 20:24:37,-54.8,-68.3,64.06,55,75,18.41
22,Pilikwe,BW,2022-02-06 20:25:01,-22.799,27.1938,72.61,54,80,10.8
23,Punta Arenas,CL,2022-02-06 20:24:16,-53.15,-70.9167,68.11,56,75,11.5
24,Hovd,MN,2022-02-06 20:25:01,48.0056,91.6419,-14.08,74,13,3.2
25,Bredasdorp,ZA,2022-02-06 20:25:02,-34.5322,20.0403,67.28,82,0,3.44
26,Tasiilaq,GL,2022-02-06 20:25:02,65.6145,-37.6368,23.16,60,100,41.07
27,Talcahuano,CL,2022-02-06 20:25:02,-36.7167,-73.1167,76.68,47,0,12.66
28,Moskovskiy,RU,2022-02-06 20:25:03,55.5991,37.355,22.78,91,100,7.0
29,Cherskiy,RU,2022-02-06 20:25:03,68.75,161.3,-31.25,100,22,1.92
30,Saint George,US,2022-02-06 20:20:41,37.1041,-113.5841,61.27,20,0,4.0
31,Santiago,CL,2022-02-06 20:25:04,-33.4569,-70.6483,95.29,23,0,9.22
32,Avarua,CK,2022-02-06 20:24:37,-21.2078,-159.775,80.65,83,84,11.5
33,Olafsvik,IS,2022-02-06 20:25:05,64.8945,-23.7142,28.0,71,100,19.17
34,Jamestown,US,2022-02-06 20:25:05,42.097,-79.2353,35.19,26,0,13.8
35,Imeni Poliny Osipenko,RU,2022-02-06 20:23:13,52.4201,136.4853,-1.23,99,100,2.33
36,Roald,NO,2022-02-06 20:21:57,62.5833,6.1333,39.0,81,75,20.71
37,Hobart,AU,2022-02-06 20:20:17,-42.8794,147.3294,53.11,87,20,3.0
38,Sur,OM,2022-02-06 20:25:06,22.5667,59.5289,70.79,70,0,4.97
39,Verkh-Suetka,RU,2022-02-06 20:25:07,53.3,80.05,-3.35,100,61,5.19
40,New Norfolk,AU,2022-02-06 20:24:38,-42.7826,147.0587,52.75,75,4,1.95
41,Georgetown,MY,2022-02-06 20:25:07,5.4112,100.3354,76.95,95,40,3.44
42,Indramayu,ID,2022-02-06 20:25:08,-6.3264,108.32,77.92,87,100,13.33
43,San Patricio,US,2022-02-06 20:26:09,28.017,-97.5169,65.17,58,23,5.86
44,Kapaa,US,2022-02-06 20:23:26,22.0752,-159.319,77.32,76,75,1.01
45,Ilulissat,GL,2022-02-06 20:26:09,69.2167,-51.1,1.42,60,100,8.05
46,Luderitz,NA,2022-02-06 20:23:15,-26.6481,15.1594,68.56,74,24,4.03
47,Tuktoyaktuk,CA,2022-02-06 20:22:24,69.4541,-133.0374,-25.6,75,75,17.27
48,Khatanga,RU,2022-02-06 20:22:10,71.9667,102.5,-18.26,98,99,8.63
49,Brae,GB,2022-02-06 20:26:11,60.3964,-1.353,39.11,56,44,32.06
50,Taoudenni,ML,2022-02-06 20:26:11,22.6783,-3.9836,72.46,11,37,9.8
51,Nichinan,JP,2022-02-06 20:23:41,31.6,131.3667,34.75,63,92,4.43
52,Sabha,LY,2022-02-06 20:26:12,27.0377,14.4283,59.34,20,18,8.23
53,Bengkulu,ID,2022-02-06 20:26:12,-3.8004,102.2655,76.12,87,100,10.31
54,Longyearbyen,SJ,2022-02-06 20:26:12,78.2186,15.6401,21.04,53,20,11.5
55,Buluang,PH,2022-02-06 20:26:13,13.3068,123.3425,72.79,93,67,2.75
56,Riyadh,SA,2022-02-06 20:26:13,24.6877,46.7219,51.94,39,0,7.83
57,Lasa,IT,2022-02-06 20:26:14,46.6166,10.7002,41.88,67,100,5.21
58,Alihe,CN,2022-02-06 20:26:14,50.5667,123.7167,-7.87,97,86,2.91
59,Saint Anthony,US,2022-02-06 20:26:15,45.0205,-93.218,21.13,68,100,5.01
60,Namibe,AO,2022-02-06 20:26:16,-15.1961,12.1522,74.86,69,100,12.57
61,Yellowknife,CA,2022-02-06 20:26:16,62.456,-114.3525,-2.58,91,75,13.8
62,Castro,BR,2022-02-06 20:26:17,-24.7911,-50.0119,74.17,78,47,5.86
63,Mogadishu,SO,2022-02-06 20:26:17,2.0371,45.3438,77.05,83,67,19.95
64,Sa Kaeo,TH,2022-02-06 20:26:18,13.75,102.3333,76.98,59,31,4.65
65,Saint-Philippe,RE,2022-02-06 20:23:37,-21.3585,55.7679,80.15,81,100,14.74
66,Sao Joao Da Barra,BR,2022-02-06 20:26:19,-21.6403,-41.0511,84.29,84,1,18.75
67,Souillac,MU,2022-02-06 20:26:19,-20.5167,57.5167,79.36,83,75,6.91
68,Hilo,US,2022-02-06 20:26:19,19.7297,-155.09,75.25,92,100,6.91
69,Zhigansk,RU,2022-02-06 20:26:20,66.7697,123.3711,-26.68,99,95,6.38
70,Pincher Creek,CA,2022-02-06 20:25:17,49.4833,-113.952,50.36,39,0,20.71
71,Vanimo,PG,2022-02-06 20:26:21,-2.6741,141.3028,77.72,87,100,3.53
72,Bedesa,ET,2022-02-06 20:26:21,8.9,40.7833,62.26,69,4,6.33
73,Torbay,CA,2022-02-06 20:23:10,47.6666,-52.7314,15.58,78,75,14.97
74,Tarko-Sale,RU,2022-02-06 20:26:22,64.9225,77.785,-24.39,100,70,5.14
75,Pevek,RU,2022-02-06 20:25:59,69.7008,170.3133,-24.29,99,27,0.78
76,Srednekolymsk,RU,2022-02-06 20:21:55,67.45,153.6833,-36.96,100,65,1.45
77,Malakal,SS,2022-02-06 20:26:24,9.5334,31.6605,76.46,14,68,10.38
78,Rapid Valley,US,2022-02-06 20:26:24,44.0625,-103.1463,46.44,33,40,3.0
79,Bambous Virieux,MU,2022-02-06 20:22:55,-20.3428,57.7575,79.21,83,75,6.91
80,Rongcheng,CN,2022-02-06 20:26:25,30.634,117.8517,34.86,99,100,4.45
81,Vaini,TO,2022-02-06 20:22:08,-21.2,-175.2,77.16,94,100,9.22
82,Provideniya,RU,2022-02-06 20:26:26,64.3833,-173.3,-6.21,85,2,3.33
83,Oistins,BB,2022-02-06 20:24:54,13.0667,-59.5333,80.69,69,40,17.27
84,Airai,TL,2022-02-06 20:26:27,-8.9266,125.4092,60.55,89,86,1.52
85,Hurghada,EG,2022-02-06 20:24:28,27.2574,33.8129,57.24,30,0,8.05
86,Nikolskoye,RU,2022-02-06 20:26:27,59.7035,30.7861,36.88,94,100,12.01
87,Komsomolskiy,UZ,2022-02-06 20:26:09,40.4272,71.7189,39.92,81,75,6.91
88,Nuuk,GL,2022-02-06 20:26:29,64.1835,-51.7216,5.61,66,75,20.71
89,Zhezkazgan,KZ,2022-02-06 20:26:29,47.8043,67.7144,27.61,96,100,13.09
90,Nanortalik,GL,2022-02-06 20:21:36,60.1432,-45.2371,15.66,67,100,20.38
91,Busselton,AU,2022-02-06 20:27:30,-33.65,115.3333,53.1,53,47,17.13
92,Hermanus,ZA,2022-02-06 20:25:37,-34.4187,19.2345,67.8,92,9,7.09
93,Pacific Grove,US,2022-02-06 20:27:31,36.6177,-121.9166,70.3,43,0,4.0
94,Faanui,PF,2022-02-06 20:23:21,-16.4833,-151.75,81.28,74,100,22.37
95,Constitucion,CL,2022-02-06 20:27:32,-35.3333,-72.4167,71.06,57,10,10.69
96,Ngunguru,NZ,2022-02-06 20:27:32,-35.6167,174.5,74.16,98,100,5.61
97,Barrow,US,2022-02-06 20:25:01,71.2906,-156.7887,-25.58,68,0,12.66
98,Dingle,PH,2022-02-06 20:27:33,10.9995,122.6711,73.09,90,80,8.12
99,Aberdeen,GB,2022-02-06 20:27:33,57.1437,-2.0981,39.2,69,75,18.41
100,Hay River,CA,2022-02-06 20:27:34,60.8156,-115.7999,22.98,86,100,13.8
101,Karratha,AU,2022-02-06 20:27:34,-20.7377,116.8463,83.57,80,4,4.88
102,Kununurra,AU,2022-02-06 20:27:35,-15.7667,128.7333,75.18,100,75,1.14
103,Wieliczka,PL,2022-02-06 20:27:35,49.9874,20.0647,44.94,62,100,11.99
104,Kavieng,PG,2022-02-06 20:27:36,-2.5744,150.7967,81.05,78,77,3.15
105,Mahibadhoo,MV,2022-02-06 20:27:36,3.7833,72.9667,81.57,64,15,10.25
106,Tuatapere,NZ,2022-02-06 20:27:36,-46.1333,167.6833,47.88,72,3,2.84
107,Tiksi,RU,2022-02-06 20:27:37,71.6872,128.8694,-15.3,99,100,4.25
108,Itarema,BR,2022-02-06 20:27:37,-2.9248,-39.9167,82.74,70,93,12.88
109,Domoni,KM,2022-02-06 20:27:38,-12.2569,44.5319,80.28,82,88,4.09
110,Port Lincoln,AU,2022-02-06 20:27:39,-34.7333,135.8667,72.18,58,0,14.54
111,Codrington,AU,2022-02-06 20:27:39,-38.2667,141.9667,56.34,80,0,8.7
112,Clyde River,CA,2022-02-06 20:27:39,70.4692,-68.5914,-30.77,75,75,8.05
113,Qaanaaq,GL,2022-02-06 20:23:31,77.484,-69.3632,-12.8,59,28,7.85
114,Korla,CN,2022-02-06 20:27:40,41.7597,86.1469,23.36,47,5,3.94
115,Batagay,RU,2022-02-06 20:27:41,67.6333,134.6333,-29.81,95,100,1.97
116,Hasaki,JP,2022-02-06 20:27:41,35.7333,140.8333,27.0,43,1,21.45
117,Kenai,US,2022-02-06 20:27:42,60.5544,-151.2583,22.08,92,0,0.0
118,Hambantota,LK,2022-02-06 20:27:42,6.1241,81.1185,74.79,74,95,9.64
119,Mount Gambier,AU,2022-02-06 20:27:42,-37.8333,140.7667,58.91,72,0,5.75
120,Kahului,US,2022-02-06 20:25:26,20.8947,-156.47,79.86,68,0,16.11
121,Cockburn Town,TC,2022-02-06 20:27:43,21.4612,-71.1419,78.76,47,20,9.22
122,Norman Wells,CA,2022-02-06 20:24:32,65.282,-126.8329,-12.96,64,75,18.41
123,Dudinka,RU,2022-02-06 20:27:44,69.4058,86.1778,-33.81,100,17,4.27
124,Porto Murtinho,BR,2022-02-06 20:27:44,-21.6989,-57.8825,94.53,30,43,8.59
125,Afua,BR,2022-02-06 20:27:45,-0.1567,-50.3867,75.81,94,100,6.06
126,Yong Peng,MY,2022-02-06 20:27:45,2.0136,103.0659,73.42,96,100,2.37
127,Sibolga,ID,2022-02-06 20:27:46,1.7427,98.7792,74.77,90,100,3.74
128,Shache,CN,2022-02-06 20:25:03,38.4167,77.2406,27.05,56,97,4.63
129,Burnie,AU,2022-02-06 20:27:39,-41.0667,145.9167,55.08,88,15,9.46
130,Iqaluit,CA,2022-02-06 20:27:46,63.7506,-68.5145,-34.31,65,20,4.0
131,Lebu,CL,2022-02-06 20:27:47,-37.6167,-73.65,65.86,67,0,13.18
132,Marzuq,YE,2022-02-06 20:27:47,14.4,46.4667,65.3,32,100,3.85
133,San Jeronimo,PE,2022-02-06 20:27:48,-11.9472,-75.2829,51.67,83,100,7.14
134,Muravlenko,RU,2022-02-06 20:27:48,63.7898,74.523,-19.62,100,91,5.91
135,Necochea,AR,2022-02-06 20:26:02,-38.5473,-58.7368,63.03,69,86,18.37
136,Moba,CN,2022-02-06 20:27:49,33.2288,105.0179,22.71,91,100,2.62
137,Menongue,AO,2022-02-06 20:27:49,-14.6585,17.691,59.72,87,100,4.09
138,Hithadhoo,MV,2022-02-06 20:24:40,-0.6,73.0833,82.27,72,33,12.66
139,Murmashi,RU,2022-02-06 20:28:50,68.8154,32.8115,14.41,92,40,11.01
140,Cap Malheureux,MU,2022-02-06 20:28:51,-19.9842,57.6142,79.47,81,79,3.0
141,Katsuura,JP,2022-02-06 20:28:51,35.1333,140.3,35.71,49,67,10.83
142,Salalah,OM,2022-02-06 20:28:52,17.0151,54.0924,75.06,38,94,12.97
143,Namatanai,PG,2022-02-06 20:28:52,-3.6667,152.4333,79.23,80,44,3.74
144,Asau,RO,2022-02-06 20:28:53,46.4333,26.4,38.95,55,100,6.13
145,Havelock,US,2022-02-06 20:28:53,34.8791,-76.9013,53.06,69,75,3.0
146,Port Macquarie,AU,2022-02-06 20:28:54,-31.4333,152.9167,65.89,94,40,10.36
147,Kruisfontein,ZA,2022-02-06 20:28:54,-34.0033,24.7314,74.88,57,100,10.94
148,Tilichiki,RU,2022-02-06 20:24:29,60.4667,166.1,-13.54,84,9,10.16
149,Verkhoyansk,RU,2022-02-06 20:28:55,67.5447,133.385,-31.79,97,100,1.01
150,Port Alfred,ZA,2022-02-06 20:28:55,-33.5906,26.891,74.66,83,73,21.32
151,Saskylakh,RU,2022-02-06 20:28:56,71.9167,114.0833,-24.97,100,95,2.08
152,Hualmay,PE,2022-02-06 20:28:56,-11.0964,-77.6139,74.53,69,70,9.57
153,Chuy,UY,2022-02-06 20:26:21,-33.6971,-53.4616,73.94,40,4,16.46
154,Labuhan,ID,2022-02-06 20:28:57,-6.8844,112.2051,77.18,90,100,6.98
155,Lompoc,US,2022-02-06 20:28:57,34.6391,-120.4579,78.01,38,0,4.61
156,Camacha,PT,2022-02-06 20:25:44,33.0833,-16.3333,59.76,67,40,14.97
157,San Joaquin,US,2022-02-06 20:28:58,37.9333,-121.3011,67.01,51,0,0.0
158,Kampong Chhnang,KH,2022-02-06 20:28:58,12.1667,104.55,74.28,70,74,4.29
159,Avera,US,2022-02-06 20:28:59,33.194,-82.5271,49.71,46,100,8.41
160,Redmond,US,2022-02-06 20:28:56,47.674,-122.1215,53.67,85,9,1.99
161,Nizhniy Kuranakh,RU,2022-02-06 20:28:59,58.8353,125.4869,-23.37,99,29,2.13
162,Kushiro,JP,2022-02-06 20:29:00,42.975,144.3747,18.05,75,16,5.99
163,Touros,BR,2022-02-06 20:29:00,-5.1989,-35.4608,85.1,67,1,13.35
164,Kodiak,US,2022-02-06 20:29:01,57.79,-152.4072,36.91,65,0,14.97
165,Westport,US,2022-02-06 20:29:01,41.1415,-73.3579,32.29,61,92,1.01
166,Havre-Saint-Pierre,CA,2022-02-06 20:29:02,50.2334,-63.5986,5.59,55,0,13.8
167,Rudbar,AF,2022-02-06 20:29:02,30.15,62.6,54.84,28,0,7.29
168,Dikson,RU,2022-02-06 20:29:02,73.5069,80.5464,-20.13,99,93,10.4
169,Grand Forks,US,2022-02-06 20:29:03,47.9417,-97.4337,3.78,66,0,11.5
170,Tukrah,LY,2022-02-06 20:29:03,32.5341,20.5791,58.26,68,100,6.04
171,Masvingo,ZW,2022-02-06 20:29:04,-20.0637,30.8277,67.57,77,99,3.74
172,Husavik,IS,2022-02-06 20:29:04,66.0449,-17.3389,24.71,77,99,5.37
173,Killybegs,IE,2022-02-06 20:29:05,54.6333,-8.45,42.51,71,91,16.51
174,Le Port,RE,2022-02-06 20:29:05,-20.9373,55.2919,80.56,75,95,12.8
175,Butaritari,KI,2022-02-06 20:26:03,3.0707,172.7902,81.61,77,48,16.08
176,Dunedin,NZ,2022-02-06 20:29:06,-45.8742,170.5036,51.6,77,24,1.92
177,Shumikha,RU,2022-02-06 20:29:06,55.2261,63.2961,-0.63,91,51,5.66
178,Narsaq,GL,2022-02-06 20:29:07,60.9167,-46.05,7.02,79,100,0.6
179,Klaksvik,FO,2022-02-06 20:29:07,62.2266,-6.589,34.72,57,89,36.91
180,Bongaree,AU,2022-02-06 20:29:08,-27.0797,153.1586,69.3,71,99,17.87
181,Fomboni,KM,2022-02-06 20:29:08,-12.28,43.7425,83.46,72,78,7.56
182,Sandwick,GB,2022-02-06 20:29:08,60.0,-1.25,39.02,60,75,27.63
183,Valparaiso,CL,2022-02-06 20:27:27,-33.0393,-71.6273,67.64,78,100,8.05
184,Farafangana,MG,2022-02-06 20:29:09,-22.8167,47.8333,78.53,93,100,17.45
185,Kaitangata,NZ,2022-02-06 20:30:10,-46.2817,169.8464,52.25,69,3,2.13
186,Tutoia,BR,2022-02-06 20:30:10,-2.7619,-42.2744,85.98,81,28,11.95
187,Grindavik,IS,2022-02-06 20:30:11,63.8424,-22.4338,27.07,74,100,9.22
188,Toyooka,JP,2022-02-06 20:30:11,35.5333,134.8333,34.14,93,100,1.19
189,Ponta Do Sol,PT,2022-02-06 20:30:12,32.6667,-17.1,63.72,68,9,11.61
190,Mustasaari,FI,2022-02-06 20:30:12,63.1142,21.6822,32.34,93,75,9.22
191,Portland,US,2022-02-06 20:29:45,45.5234,-122.6762,60.76,74,20,1.01
192,Hami,CN,2022-02-06 20:26:29,42.8,93.45,26.08,34,16,11.3
193,Adrar,MR,2022-02-06 20:30:13,20.5022,-10.0711,69.71,9,0,9.17
194,Batsfjord,NO,2022-02-06 20:30:14,70.6345,29.7185,26.6,92,62,16.13
195,Walvis Bay,NA,2022-02-06 20:30:14,-22.9575,14.5053,72.55,78,100,5.75
196,Shalinskoye,RU,2022-02-06 20:30:15,55.7228,93.7594,10.92,85,100,5.5
197,Nanning,CN,2022-02-06 20:30:15,22.8167,108.3167,50.45,97,100,2.13
198,Mahebourg,MU,2022-02-06 20:28:26,-20.4081,57.7,79.25,83,75,6.91
199,Adamovka,RU,2022-02-06 20:30:16,51.5223,59.9396,15.8,94,100,0.6
200,Batemans Bay,AU,2022-02-06 20:25:22,-35.7167,150.1833,64.09,88,64,7.14
201,Sao Filipe,CV,2022-02-06 20:30:17,14.8961,-24.4956,73.08,74,0,8.7
202,Bilma,NE,2022-02-06 20:30:18,18.6853,12.9164,63.61,15,0,7.87
203,Myitkyina,MM,2022-02-06 20:30:18,25.3833,97.4,50.58,89,0,3.22
204,Ponta Delgada,PT,2022-02-06 20:29:38,37.7333,-25.6667,61.5,88,20,11.5
205,Ipixuna,BR,2022-02-06 20:30:19,-1.7625,-48.8043,76.95,95,98,4.61
206,East London,ZA,2022-02-06 20:30:20,-33.0153,27.9116,73.69,83,2,16.62
207,Aklavik,CA,2022-02-06 20:30:20,68.2191,-135.0107,-19.37,76,75,16.11
208,Arys,KZ,2022-02-06 20:30:21,42.4252,68.795,35.82,84,100,10.18
209,Pelym,RU,2022-02-06 20:30:22,61.0108,61.9978,7.88,98,100,4.76
210,Jiazi,CN,2022-02-06 20:30:22,22.8779,116.067,56.97,83,100,18.7
211,Biskamzha,RU,2022-02-06 20:30:23,53.4497,89.5272,6.69,89,95,1.92
212,Khandyga,RU,2022-02-06 20:30:23,62.6667,135.6,-39.19,99,100,2.1
213,Sitka,US,2022-02-06 20:30:24,57.0531,-135.33,44.49,81,100,20.71
214,Misratah,LY,2022-02-06 20:30:25,32.3754,15.0925,59.74,75,98,5.53
215,Banjarmasin,ID,2022-02-06 20:30:25,-3.3244,114.591,73.54,97,96,2.89
216,Ostrovnoy,RU,2022-02-06 20:30:26,68.0531,39.5131,14.34,86,99,21.59
217,Talnakh,RU,2022-02-06 20:30:27,69.4865,88.3972,-27.58,99,55,1.16
218,Parintins,BR,2022-02-06 20:30:27,-2.6283,-56.7358,77.72,88,84,1.68
219,Arbagar,RU,2022-02-06 20:30:28,51.9438,116.2805,-16.94,100,84,1.66
220,Dolores,AR,2022-02-06 20:30:28,-36.3132,-57.6792,65.08,78,96,12.17
221,Hammerfest,NO,2022-02-06 20:30:29,70.6634,23.6821,31.73,68,0,13.8
222,Synya,RU,2022-02-06 20:30:29,65.3718,58.0387,-6.99,98,42,2.77
223,Deep River,CA,2022-02-06 20:28:46,46.1001,-77.4995,24.44,94,100,8.88
224,Arraial Do Cabo,BR,2022-02-06 20:30:30,-22.9661,-42.0278,85.96,69,0,18.41
225,Victoria,HK,2022-02-06 20:27:24,22.2855,114.1577,62.58,83,100,1.01
226,Caravelas,BR,2022-02-06 20:30:31,-17.7125,-39.2481,79.0,81,7,7.96
227,Lensk,RU,2022-02-06 20:30:31,60.7253,114.9278,8.55,95,100,5.73
228,Carnarvon,AU,2022-02-06 20:28:07,-24.8667,113.6333,73.47,64,100,23.02
229,Sisimiut,GL,2022-02-06 20:30:32,66.9395,-53.6735,0.46,93,100,10.56
230,Rawson,AR,2022-02-06 20:29:39,-43.3002,-65.1023,75.43,34,6,15.93
231,Ati,TD,2022-02-06 20:31:33,13.2154,18.3353,70.14,13,0,10.36
232,Tambilil,PH,2022-02-06 20:31:34,5.9622,124.6697,77.92,74,100,4.81
233,Ahipara,NZ,2022-02-06 20:28:54,-35.1667,173.1667,73.51,97,100,6.22
234,Grande Prairie,CA,2022-02-06 20:31:34,55.1667,-118.8027,42.98,52,75,32.21
235,Bladel,NL,2022-02-06 20:31:35,51.3683,5.2208,42.71,90,75,8.01
236,Kenora,CA,2022-02-06 20:31:18,49.8167,-94.4337,9.79,72,20,5.75
237,Safford,US,2022-02-06 20:30:24,32.834,-109.7076,61.93,20,0,0.6
238,Yar-Sale,RU,2022-02-06 20:31:36,66.8333,70.8333,-10.95,100,84,7.96
239,Carbonia,IT,2022-02-06 20:31:37,39.1672,8.5222,50.02,83,1,10.54
240,Aleksandrov Gay,RU,2022-02-06 20:31:37,50.147,48.5704,11.14,93,100,7.63
241,Sault Sainte Marie,CA,2022-02-06 20:31:37,46.5168,-84.3333,26.89,73,100,0.0
242,Omboue,GA,2022-02-06 20:31:38,-1.5746,9.2618,78.3,86,18,7.29
243,Adiake,CI,2022-02-06 20:31:38,5.2863,-3.304,80.19,78,90,8.32
244,Naryan-Mar,RU,2022-02-06 20:31:39,67.6713,53.087,10.26,89,100,14.67
245,Port Elizabeth,ZA,2022-02-06 20:29:35,-33.918,25.5701,77.09,78,0,12.66
246,Bowen,AU,2022-02-06 20:31:14,-20.0167,148.2333,71.82,76,56,10.89
247,Grand Gaube,MU,2022-02-06 20:31:40,-20.0064,57.6608,79.38,81,85,5.01
248,Kamenka,RU,2022-02-06 20:31:40,51.3223,42.7678,25.75,96,97,6.2
249,San Vicente,AR,2022-02-06 20:31:41,-26.6167,-54.1333,82.99,28,1,5.53
250,Zunyi,CN,2022-02-06 20:31:41,27.6867,106.9072,32.2,99,100,2.39
251,Praya,CV,2022-02-06 20:31:41,14.9215,-23.5087,72.14,73,20,17.27
252,Naushki,RU,2022-02-06 20:31:42,50.3828,106.1056,-5.89,97,92,4.07
253,Morondava,MG,2022-02-06 20:31:43,-20.2833,44.2833,80.56,84,100,21.36
254,Nicoya,CR,2022-02-06 20:31:43,10.1483,-85.452,89.15,40,64,8.43
255,Soyo,AO,2022-02-06 20:31:44,-6.1349,12.3689,77.7,84,23,7.94
256,Nelson Bay,AU,2022-02-06 20:27:02,-32.7167,152.15,70.11,67,49,1.99
257,Mabaruma,GY,2022-02-06 20:31:45,8.2,-59.7833,75.88,95,92,5.59
258,Saldanha,ZA,2022-02-06 20:27:32,-33.0117,17.9442,68.05,96,38,9.33
259,Maniitsoq,GL,2022-02-06 20:29:32,65.4167,-52.9,3.83,72,100,13.27
260,Boulsa,BF,2022-02-06 20:31:46,12.6675,-0.5758,76.41,12,0,9.46
261,San Juan De Los Morros,VE,2022-02-06 20:31:46,9.9115,-67.3538,86.07,42,97,0.67
262,Coahuayana,MX,2022-02-06 20:31:47,18.7333,-103.6833,89.08,35,16,7.65
263,Hare Bay,CA,2022-02-06 20:31:47,48.8499,-54.0148,9.75,73,39,10.49
264,Cabo San Lucas,MX,2022-02-06 20:30:38,22.8909,-109.9124,74.61,61,0,5.01
265,Hopkinsville,US,2022-02-06 20:30:20,36.8656,-87.4886,48.06,65,0,1.01
266,Northam,GB,2022-02-06 20:29:52,51.0333,-4.2167,48.02,77,21,26.28
267,Mayo,US,2022-02-06 20:31:49,38.8876,-76.5119,40.19,34,0,1.01
268,Mehamn,NO,2022-02-06 20:31:49,71.0357,27.8492,26.78,88,29,14.81
269,Lahaina,US,2022-02-06 20:27:45,20.8783,-156.6825,79.84,80,5,9.86
270,Sao Jose Da Coroa Grande,BR,2022-02-06 20:31:50,-8.8978,-35.1478,80.35,72,66,13.56
271,Boa Vista,BR,2022-02-06 20:32:50,2.8197,-60.6733,91.38,43,40,5.75
272,Sri Aman,MY,2022-02-06 20:32:51,1.2376,111.4621,75.25,94,100,1.14
273,Yenangyaung,MM,2022-02-06 20:32:51,20.4667,94.8833,61.83,45,9,5.37
274,Sidney,AU,2022-02-06 20:28:06,-33.8679,151.2073,67.26,85,40,13.0
275,Pokosnoye,RU,2022-02-06 20:32:52,55.5258,101.0536,9.88,98,100,2.59
276,Phan Thiet,VN,2022-02-06 20:32:53,10.9333,108.1,73.08,78,94,5.01
277,Raudeberg,NO,2022-02-06 20:32:53,61.9875,5.1352,38.19,86,80,4.0
278,Zabol,AF,2022-02-06 20:32:54,32.25,67.25,34.63,51,0,10.65
279,Emba,KZ,2022-02-06 20:32:54,48.8264,58.1442,16.5,96,100,9.51
280,Kattivakkam,IN,2022-02-06 20:32:55,13.2167,80.3167,80.08,77,98,7.92
281,Southbridge,US,2022-02-06 20:30:42,42.0751,-72.0334,29.08,52,100,10.0
282,Santa Maria Del Oro,MX,2022-02-06 20:32:56,25.9333,-105.3667,69.67,10,24,25.79
283,Pinotepa Nacional,MX,2022-02-06 20:32:56,16.3167,-98.0167,89.06,38,2,10.69
284,Bethel,US,2022-02-06 20:32:57,41.3712,-73.414,30.29,56,0,1.01
285,Dohar,BD,2022-02-06 20:32:57,23.5883,90.1469,64.38,66,33,4.88
286,Hokitika,NZ,2022-02-06 20:32:57,-42.7167,170.9667,60.31,56,100,6.4
287,Monrovia,LR,2022-02-06 20:32:58,6.3005,-10.7969,78.57,82,5,9.01
288,Geraldton,AU,2022-02-06 20:32:58,-28.7667,114.6,68.41,49,40,13.8
289,Hobyo,SO,2022-02-06 20:32:59,5.3505,48.5268,76.39,70,58,17.07
290,Kieta,PG,2022-02-06 20:32:59,-6.2167,155.6333,81.16,80,100,7.23
291,Skjervoy,NO,2022-02-06 20:32:59,70.0311,20.9714,32.18,67,76,16.13
292,Kazachinskoye,RU,2022-02-06 20:33:00,57.6953,93.2761,7.2,97,100,3.04
293,Shanghai,CN,2022-02-06 20:28:53,31.2222,121.4581,42.67,56,0,1.99
294,Loa Janan,ID,2022-02-06 20:33:01,-0.583,117.095,72.39,98,100,2.39
295,Hamilton,US,2022-02-06 20:30:24,39.1834,-84.5333,40.86,57,0,1.99
296,Ayr,GB,2022-02-06 20:33:02,55.4627,-4.6339,38.1,81,40,18.41
297,Leningradskiy,RU,2022-02-06 20:33:02,69.3833,178.4167,-23.08,98,28,6.33
298,Korgen,NO,2022-02-06 20:33:02,66.0771,13.8153,32.02,88,100,5.95
299,Mount Isa,AU,2022-02-06 20:31:10,-20.7333,139.5,73.17,73,41,4.61
300,Nishihara,JP,2022-02-06 20:33:03,26.1842,127.7558,58.28,62,75,6.91
301,Nakapiripirit,UG,2022-02-06 20:33:04,1.9167,34.7833,72.54,37,100,4.32
302,Esperantinopolis,BR,2022-02-06 20:33:04,-4.8667,-44.7083,77.45,95,100,2.48
303,Catuday,PH,2022-02-06 20:33:05,16.2923,119.8062,75.42,74,95,10.8
304,Buraydah,SA,2022-02-06 20:33:05,26.326,43.975,52.25,40,0,4.56
305,Ferreira Do Alentejo,PT,2022-02-06 20:33:06,38.05,-8.0333,53.19,66,0,5.75
306,Torrington,US,2022-02-06 20:33:06,41.8007,-73.1212,28.35,43,100,1.99
307,Upernavik,GL,2022-02-06 20:33:07,72.7868,-56.1549,-12.73,99,100,9.69
308,Sao Benedito Do Rio Preto,BR,2022-02-06 20:33:07,-3.3336,-43.5283,76.39,95,25,3.98
309,Banda Aceh,ID,2022-02-06 20:33:08,5.5577,95.3222,76.39,89,100,7.2
310,Feldbach,AT,2022-02-06 20:33:09,46.9531,15.8883,46.15,85,100,5.3
311,Isangel,VU,2022-02-06 20:29:07,-19.55,169.2667,77.11,94,100,0.0
312,Nowy Tomysl,PL,2022-02-06 20:33:10,52.3195,16.1284,41.25,81,100,20.42
313,Iskateley,RU,2022-02-06 20:28:15,67.6803,53.1512,9.34,89,100,15.28
314,Mayor Pablo Lagerenza,PY,2022-02-06 20:31:22,-19.9309,-60.7718,96.82,19,38,12.17
315,Qasigiannguit,GL,2022-02-06 20:33:10,68.8193,-51.1922,1.65,99,100,4.09
316,Bozeman,US,2022-02-06 20:34:11,45.6796,-111.0386,44.02,50,75,4.0
317,Severo-Kurilsk,RU,2022-02-06 20:32:15,50.6789,156.125,29.71,85,100,15.1
318,San Cristobal,VE,2022-02-06 20:34:12,7.7669,-72.225,73.58,61,80,2.51
319,Belaya Gora,RU,2022-02-06 20:34:12,68.5333,146.4167,-43.47,100,63,2.21
320,Whitehorse,CA,2022-02-06 20:32:10,60.7161,-135.0538,34.57,86,100,18.41
321,Rocha,UY,2022-02-06 20:34:13,-34.4833,-54.3333,68.13,56,57,17.69
322,Sao Gabriel Da Cachoeira,BR,2022-02-06 20:34:13,-0.1303,-67.0892,80.17,91,96,1.61
323,Moussoro,TD,2022-02-06 20:34:14,13.6408,16.4901,67.96,9,0,12.15
324,Penzance,GB,2022-02-06 20:34:14,50.1186,-5.5371,50.77,82,74,25.59
325,Pangnirtung,CA,2022-02-06 20:33:27,66.1451,-65.7125,-29.2,68,75,3.44
326,Fortuna,US,2022-02-06 20:34:15,40.5982,-124.1573,63.93,63,0,5.01
327,Nome,US,2022-02-06 20:34:13,64.5011,-165.4064,-0.33,60,0,11.5
328,Alghero,IT,2022-02-06 20:34:16,40.5589,8.3181,50.09,76,20,8.05
329,Gornyy,RU,2022-02-06 20:34:16,55.1153,83.9059,5.79,86,100,3.44
330,Hervey Bay,AU,2022-02-06 20:30:46,-25.2986,152.8535,66.31,80,42,14.32
331,Haines Junction,CA,2022-02-06 20:34:17,60.7522,-137.5108,37.35,60,100,14.97
332,Batagay-Alyta,RU,2022-02-06 20:34:17,67.8006,130.4114,-24.27,98,100,2.84
333,New Castle,US,2022-02-06 20:34:18,41.0037,-80.347,37.53,73,0,4.61
334,Kharagpur,IN,2022-02-06 20:34:18,22.3333,87.3333,60.71,61,12,1.16
335,Biak,ID,2022-02-06 20:34:19,-0.9131,122.8766,75.76,81,100,2.64
336,Tupiza,BO,2022-02-06 20:34:19,-21.45,-65.7167,62.91,52,92,13.44
337,Port-Gentil,GA,2022-02-06 20:34:20,-0.7193,8.7815,80.56,83,20,8.05
338,Ribeira Grande,PT,2022-02-06 20:34:21,38.5167,-28.7,63.0,82,75,11.5
339,Voyvozh,RU,2022-02-06 20:34:21,62.892,54.9635,14.02,88,100,9.62
340,Makakilo City,US,2022-02-06 20:34:22,21.3469,-158.0858,79.12,66,0,8.05
341,San Quintin,MX,2022-02-06 20:34:22,30.4833,-115.95,64.99,30,0,7.2
342,Ankazobe,MG,2022-02-06 20:34:23,-18.3167,47.1167,68.41,93,99,5.99
343,Saint-Francois,FR,2022-02-06 20:34:23,46.4154,3.9054,47.68,76,100,14.97
344,Taltal,CL,2022-02-06 20:34:23,-25.4,-70.4833,70.65,62,23,4.43
345,Hede,CN,2022-02-06 20:34:24,33.7681,120.2517,34.72,63,100,5.19
346,Cabedelo,BR,2022-02-06 20:34:25,-6.9811,-34.8339,83.07,69,10,11.65
347,Bay City,US,2022-02-06 20:34:25,43.5945,-83.8889,35.58,65,0,10.0
348,Knyaze-Volkonskoye,RU,2022-02-06 20:34:26,48.4642,135.4567,-3.66,99,100,3.42
349,Saint-Ambroise,CA,2022-02-06 20:34:26,48.5501,-71.3324,9.14,51,100,3.44
350,Puerto Baquerizo Moreno,EC,2022-02-06 20:34:27,-0.9,-89.6,81.59,65,20,16.11
351,Jesup,US,2022-02-06 20:34:27,31.6074,-81.8854,46.09,87,100,6.91
352,Pontianak,ID,2022-02-06 20:34:28,-0.0333,109.3333,73.38,100,75,2.3
353,Pingliang,CN,2022-02-06 20:34:28,35.5392,106.6861,6.06,92,60,5.64
354,Bonthe,SL,2022-02-06 20:34:29,7.5264,-12.505,78.93,83,28,8.97
355,Ternate,ID,2022-02-06 20:34:29,0.8,127.4,79.99,79,100,6.55
356,Zhuhai,CN,2022-02-06 20:34:30,22.2769,113.5678,62.31,82,20,16.11
357,Bilibino,RU,2022-02-06 20:32:19,68.0546,166.4372,-17.32,77,6,4.45
358,Rampur Hat,IN,2022-02-06 20:34:30,24.1667,87.7833,58.51,65,17,2.8
359,Sribne,UA,2022-02-06 20:34:31,50.6638,32.9187,24.39,92,72,8.97
360,Palmer,US,2022-02-06 20:34:30,42.1584,-72.3287,29.48,39,40,1.99
361,Ahuimanu,US,2022-02-06 20:34:32,21.4447,-157.8378,80.31,74,40,5.01
362,Muzhi,RU,2022-02-06 20:34:32,65.3667,64.6667,-22.63,100,93,1.12
363,Maceio,BR,2022-02-06 20:33:48,-9.6658,-35.7353,83.64,61,0,14.97
364,Dois Irmaos,BR,2022-02-06 20:34:33,-29.5803,-51.0853,80.46,37,9,6.76
365,Wewak,PG,2022-02-06 20:35:34,-3.5534,143.6268,77.79,86,100,2.71
366,Vila Do Maio,CV,2022-02-06 20:35:34,15.1333,-23.2167,72.39,80,0,13.67
367,Carballo,ES,2022-02-06 20:35:35,43.213,-8.691,51.76,86,70,1.72
368,Tigil,RU,2022-02-06 20:35:35,57.8,158.6667,2.84,86,77,5.48
369,Cabcab,PH,2022-02-06 20:35:36,13.6268,124.0515,78.49,80,90,11.03
370,Moengo,SR,2022-02-06 20:35:36,5.6167,-54.4,80.51,74,98,5.64
371,General Pico,AR,2022-02-06 20:34:43,-35.6566,-63.7568,78.67,18,0,6.91
372,Flagstaff,US,2022-02-06 20:31:01,35.1981,-111.6513,48.67,25,0,1.99
373,Letka,RU,2022-02-06 20:35:37,59.6011,49.4232,16.75,97,98,3.38
374,Saint-Pierre,RE,2022-02-06 20:35:38,-21.3393,55.4781,80.24,78,0,1.14
375,Kamaishi,JP,2022-02-06 20:35:38,39.2667,141.8833,26.02,63,3,4.68
376,Vila Praia De Ancora,PT,2022-02-06 20:35:38,41.811,-8.8526,54.46,69,79,12.33
377,Lorengau,PG,2022-02-06 20:35:39,-2.0226,147.2712,80.98,80,100,6.42
378,Lubon,PL,2022-02-06 20:35:39,52.3471,16.8927,41.4,95,100,21.99
379,Bella Union,UY,2022-02-06 20:35:40,-30.2752,-57.6007,81.88,21,0,15.79
380,Cayenne,GF,2022-02-06 20:35:40,4.9333,-52.3333,81.09,85,75,5.99
381,Paracuru,BR,2022-02-06 20:35:41,-3.41,-39.0306,84.22,73,46,9.62
382,Santa Rosa,PH,2022-02-06 20:35:42,14.3122,121.1114,78.78,82,94,12.68
383,Sola,VU,2022-02-06 20:35:42,-13.8833,167.55,82.6,77,100,17.54
384,Samarai,PG,2022-02-06 20:33:41,-10.6167,150.6667,81.73,76,100,9.24
385,Berbera,SO,2022-02-06 20:35:43,10.4396,45.0143,76.55,81,95,2.35
386,Nouadhibou,MR,2022-02-06 20:35:44,20.931,-17.0347,66.18,94,6,13.8
387,Saint-Augustin,CA,2022-02-06 20:31:00,51.226,-58.6502,-9.62,79,4,7.16
388,Esperance,AU,2022-02-06 20:35:44,-33.8667,121.9,60.64,59,84,25.72
389,Curaca,BR,2022-02-06 20:35:45,-8.9903,-39.9094,91.89,28,28,7.65
390,Onguday,RU,2022-02-06 20:35:45,50.75,86.15,-11.02,97,23,2.95
391,Kindersley,CA,2022-02-06 20:31:44,51.4668,-109.1682,33.58,86,100,8.05
392,Meulaboh,ID,2022-02-06 20:35:46,4.1363,96.1285,75.07,91,100,3.51
393,San Juan,AR,2022-02-06 20:34:02,-31.5375,-68.5364,82.62,27,0,6.24
394,Rosario Oeste,BR,2022-02-06 20:35:46,-14.8361,-56.4275,80.1,88,100,3.04
395,Manzanillo,CU,2022-02-06 20:35:47,20.3433,-77.1167,82.54,48,71,4.45
396,Manica,FR,2022-02-06 20:35:47,49.0,-1.1667,51.21,85,99,16.71
397,Yamada,JP,2022-02-06 20:35:48,39.4667,141.95,23.65,64,7,4.18
398,Salinopolis,BR,2022-02-06 20:35:48,-0.6136,-47.3561,78.35,88,100,8.19
399,Dezhou,CN,2022-02-06 20:35:49,37.4486,116.2925,30.06,43,100,4.72
400,Solnechnyy,RU,2022-02-06 20:35:49,50.7214,136.6319,-5.1,99,98,1.88
401,Santa Isabel Do Rio Negro,BR,2022-02-06 20:35:50,-0.4139,-65.0192,80.2,76,100,5.37
402,Mascota,MX,2022-02-06 20:35:51,20.5167,-104.7833,62.31,20,14,7.9
403,Kaolinovo,BG,2022-02-06 20:35:51,43.6167,27.1167,39.13,73,96,6.98
404,Kamiiso,JP,2022-02-06 20:35:52,41.8167,140.65,21.74,91,68,5.14
405,Nemuro,JP,2022-02-06 20:35:52,43.3236,145.575,23.72,76,69,16.2
406,Ritchie,ZA,2022-02-06 20:35:53,-29.038,24.6028,70.81,44,5,6.8
407,Peace River,CA,2022-02-06 20:35:53,56.2501,-117.286,43.11,52,75,37.98
408,Xining,CN,2022-02-06 20:35:54,36.6167,101.7667,8.6,92,86,1.66
409,Mount Pleasant,US,2022-02-06 20:35:54,32.7941,-79.8626,47.08,65,75,1.99
410,Lenine,UA,2022-02-06 20:35:55,45.2986,35.7771,35.24,81,92,6.82
411,Alyangula,AU,2022-02-06 20:38:04,-13.8483,136.4192,75.07,100,79,0.0
412,Dhidhdhoo,MV,2022-02-06 20:38:05,6.8833,73.1,80.13,72,75,8.9
413,Vanavara,RU,2022-02-06 20:33:44,60.34,102.2797,-15.97,100,97,2.06
414,Tocopilla,CL,2022-02-06 20:38:05,-22.092,-70.1979,72.16,62,18,7.09
415,Shirokiy,RU,2022-02-06 20:38:06,49.758,129.523,-23.04,100,100,1.41
416,Kochi,IN,2022-02-06 20:38:06,9.9399,76.2602,75.18,84,13,5.77
417,Akdepe,TM,2022-02-06 20:38:07,42.0551,59.3788,30.2,62,8,9.26
418,Atotonilco El Grande,MX,2022-02-06 20:38:07,20.2833,-98.6667,70.34,30,26,8.01
419,Umea,SE,2022-02-06 20:38:07,63.8284,20.2597,30.13,93,75,9.22
420,Katobu,ID,2022-02-06 20:34:43,-4.9408,122.5276,75.11,93,45,5.17
421,Bafq,IR,2022-02-06 20:38:08,31.6128,55.4107,47.05,29,0,2.35
422,Boende,CD,2022-02-06 20:38:08,-0.2167,20.8667,79.09,45,99,1.25
423,Anadyr,RU,2022-02-06 20:38:09,64.75,177.4833,-19.7,76,0,8.95
424,Dongsheng,CN,2022-02-06 20:38:09,39.8161,109.9776,16.34,35,100,4.72
425,Dalianwan,CN,2022-02-06 20:38:10,39.0286,121.695,21.24,79,0,2.24
426,Half Moon Bay,US,2022-02-06 20:38:10,37.4636,-122.4286,69.57,52,0,16.11
427,Maryville,US,2022-02-06 20:38:04,35.7565,-83.9705,52.18,44,0,1.01
428,Tsaratanana,MG,2022-02-06 20:38:11,-16.7833,47.65,71.37,94,95,2.28
429,Radevormwald,DE,2022-02-06 20:38:12,51.2,7.35,39.61,90,100,14.18
430,Alta Floresta,BR,2022-02-06 20:35:56,-9.8756,-56.0861,87.62,66,75,2.3
431,Okhotsk,RU,2022-02-06 20:38:12,59.3833,143.3,-1.68,71,99,9.51
432,Ambon,ID,2022-02-06 20:38:13,-3.6954,128.1814,75.34,94,40,5.75
433,Betare Oya,CM,2022-02-06 20:38:13,5.6,14.0833,73.2,25,3,5.82
434,Jiaojiang,CN,2022-02-06 20:38:14,28.6803,121.4428,43.0,95,100,4.85
435,Lar,IN,2022-02-06 20:38:14,26.2039,83.9717,51.21,82,0,3.0
436,Pitimbu,BR,2022-02-06 20:36:58,-7.4706,-34.8086,82.99,68,8,12.35
437,Namtsy,RU,2022-02-06 20:38:15,62.7161,129.6658,-32.69,100,97,2.95
438,Kem,RU,2022-02-06 20:38:15,64.9555,34.5793,10.38,95,87,12.33
439,Poum,NC,2022-02-06 20:38:16,-20.2333,164.0167,80.73,82,100,11.48
440,Colorado Springs,US,2022-02-06 20:38:16,38.8339,-104.8214,38.75,48,20,5.01
441,Khislavichi,RU,2022-02-06 20:38:17,54.1871,32.1582,30.7,96,100,14.81
442,Araouane,ML,2022-02-06 20:38:17,18.9048,-3.5265,68.63,10,0,8.61
443,Honiara,SB,2022-02-06 20:38:13,-9.4333,159.95,81.82,83,100,5.82
444,Dvinskoy,RU,2022-02-06 20:38:18,62.1535,45.1175,9.7,99,96,4.52
445,Aswan,EG,2022-02-06 20:38:18,24.0934,32.907,60.1,31,0,6.91
446,Kamra,PK,2022-02-06 20:38:19,33.7473,73.5111,46.96,67,100,6.91
447,Hofn,IS,2022-02-06 20:38:19,64.2539,-15.2082,26.92,66,35,16.24
448,Ca Mau,VN,2022-02-06 20:38:20,9.1769,105.15,78.17,69,97,9.01
449,Yining,CN,2022-02-06 20:38:20,29.0361,114.5636,34.66,100,100,3.11
450,Muroto,JP,2022-02-06 20:38:21,33.2833,134.15,40.46,57,34,10.22
451,Evensk,RU,2022-02-06 20:38:21,61.95,159.2333,-0.6,69,0,8.75
452,Channel-Port Aux Basques,CA,2022-02-06 20:38:21,47.5702,-59.1367,18.27,68,100,21.81
453,Ucluelet,CA,2022-02-06 20:38:22,48.9329,-125.5528,48.09,87,74,4.0
454,Montreal,CA,2022-02-06 20:35:33,45.5088,-73.5878,21.15,57,100,5.75
455,Riachao Das Neves,BR,2022-02-06 20:38:23,-11.7461,-44.91,74.43,89,100,3.49
456,Panjakent,TJ,2022-02-06 20:38:24,39.4952,67.6093,30.0,95,98,3.33
457,Unity,CA,2022-02-06 20:39:25,52.4501,-109.1682,32.25,79,73,15.88
458,Bone,DE,2022-02-06 20:39:26,51.9669,12.1396,43.29,81,100,13.58
459,Port-Cartier,CA,2022-02-06 20:39:26,50.0334,-66.8654,6.75,84,100,6.78
460,Finschhafen,PG,2022-02-06 20:39:27,-6.6024,147.8681,80.22,82,75,5.97
461,Kavaratti,IN,2022-02-06 20:38:23,10.5669,72.642,77.92,69,25,10.2
462,Sakaiminato,JP,2022-02-06 20:39:15,35.55,133.2333,35.58,80,75,9.22
463,Beringovskiy,RU,2022-02-06 20:39:27,63.05,179.3167,-18.81,98,40,6.64
464,Mon,IN,2022-02-06 20:39:28,26.75,95.1,46.2,91,0,3.42
465,Chicama,PE,2022-02-06 20:39:28,-7.8447,-79.1469,70.34,59,92,10.98
466,Brigantine,US,2022-02-06 20:39:29,39.4101,-74.3646,39.27,60,0,6.91
467,Cabra,ES,2022-02-06 20:39:29,37.4725,-4.4421,52.9,80,6,2.77
468,Cairns,AU,2022-02-06 20:39:30,-16.9167,145.7667,76.1,88,75,9.22
469,Homer,US,2022-02-06 20:39:30,59.6425,-151.5483,32.04,93,100,6.91
470,Bandarbeyla,SO,2022-02-06 20:39:31,9.4942,50.8122,75.31,74,73,13.76
471,Laurel,US,2022-02-06 20:39:31,39.0993,-76.8483,39.88,38,0,1.99
472,Tura,IN,2022-02-06 20:39:32,25.5198,90.2201,51.39,80,0,3.15
473,Nyurba,RU,2022-02-06 20:39:32,63.2842,118.3319,-3.73,98,100,5.93
474,Vostok,RU,2022-02-06 20:39:33,46.4856,135.8833,-10.1,99,98,4.03
475,Shelburne,CA,2022-02-06 20:39:33,44.0787,-80.2041,28.67,75,83,15.82
476,Jalu,LY,2022-02-06 20:39:34,29.0331,21.5482,59.56,30,25,5.95
477,Urumqi,CN,2022-02-06 20:39:34,43.801,87.6005,-1.25,85,9,2.24
478,Bemidji,US,2022-02-06 20:39:35,47.4736,-94.8803,13.05,70,75,10.36
479,Kollam,IN,2022-02-06 20:37:21,8.8833,76.6,80.47,86,57,6.38
480,Arkhangelsk,RU,2022-02-06 20:39:35,64.5401,40.5433,8.71,84,40,6.71
481,Mackay,AU,2022-02-06 20:39:36,-21.15,149.2,75.69,83,75,6.91
482,Jiaonan,CN,2022-02-06 20:39:36,35.8786,119.9753,21.22,42,100,4.59
483,Rundu,NA,2022-02-06 20:39:37,-17.9333,19.7667,70.56,74,99,6.51
484,Lawrenceburg,US,2022-02-06 20:39:37,38.0373,-84.8966,45.32,52,0,10.36
485,Pokhara,NP,2022-02-06 20:39:38,28.2333,83.9833,47.41,78,14,2.86
486,Flinders,AU,2022-02-06 20:39:38,-34.5833,150.8552,67.8,90,92,7.0
487,Tambun,ID,2022-02-06 20:39:39,-6.2641,107.0712,78.04,89,94,6.42
488,Thurso,GB,2022-02-06 20:39:39,58.5927,-3.5259,39.15,67,19,21.45
489,Fairbanks,US,2022-02-06 20:38:53,64.8378,-147.7164,-1.7,78,100,0.0
490,Baturaden,ID,2022-02-06 20:39:40,-7.3,109.2167,65.77,94,100,4.83
491,Bagnols-Sur-Ceze,FR,2022-02-06 20:39:40,44.1599,4.6178,50.22,60,0,8.05
492,Sioux Lookout,CA,2022-02-06 20:39:41,50.1001,-91.917,10.78,67,20,5.75
493,Kargil,IN,2022-02-06 20:39:41,34.5667,76.1,14.99,95,100,2.06
494,Gravdal,NO,2022-02-06 20:39:42,68.1214,13.5031,33.48,65,100,10.09
495,Abu Dhabi,AE,2022-02-06 20:38:59,24.4667,54.3667,66.31,62,20,1.01
496,Bria,CF,2022-02-06 20:39:43,6.5423,21.9863,72.95,22,90,5.61
497,Mandurah,AU,2022-02-06 20:39:43,-32.55,115.7,65.21,49,94,21.77
498,Saint-Joseph,RE,2022-02-06 20:39:44,-21.3667,55.6167,79.16,78,99,9.64
499,Newport,GB,2022-02-06 20:37:28,51.5877,-2.9984,46.26,73,32,1.99
500,Grafton,US,2022-02-06 20:40:45,42.207,-71.6856,29.57,56,0,1.01
501,Eyl,SO,2022-02-06 20:40:45,7.9803,49.8164,74.68,72,100,16.28
502,Sambava,MG,2022-02-06 20:40:46,-14.2667,50.1667,75.94,89,87,5.55
503,Ancud,CL,2022-02-06 20:40:46,-41.8697,-73.8203,74.23,68,8,7.45
504,Amahai,ID,2022-02-06 20:40:47,-3.3333,128.9167,77.79,84,90,4.92
505,Shizunai,JP,2022-02-06 20:40:19,42.3339,142.3669,24.66,78,41,13.06
506,Languyan,PH,2022-02-06 20:40:47,5.2618,120.0807,78.15,83,63,5.26
507,Tamalameque,CO,2022-02-06 20:40:48,8.8522,-73.8123,95.07,33,4,6.04
508,Moron,AR,2022-02-06 20:40:48,-34.6534,-58.6198,72.01,57,73,13.02
509,Padang,ID,2022-02-06 20:40:46,-0.9492,100.3543,76.33,77,100,3.76
510,Repalle,IN,2022-02-06 20:40:49,16.0167,80.85,68.9,86,100,3.78
511,Bandiagara,ML,2022-02-06 20:40:49,14.3501,-3.6104,73.29,11,0,9.55
512,College,US,2022-02-06 20:40:50,64.8569,-147.8028,-1.71,78,100,3.44
513,Cuamba,MZ,2022-02-06 20:40:50,-14.8031,36.5372,66.34,94,4,4.16
514,Mragowo,PL,2022-02-06 20:40:51,53.8644,21.3051,39.2,96,100,18.52
515,Fort Nelson,CA,2022-02-06 20:40:51,58.8053,-122.7002,36.64,88,100,4.83
516,Praia,CV,2022-02-06 20:40:52,14.9215,-23.5087,72.14,73,20,17.27
517,Kendari,ID,2022-02-06 20:40:52,-3.945,122.4989,78.21,83,100,7.05
518,Lubben,DE,2022-02-06 20:40:53,51.95,13.9,42.26,79,100,14.83
519,Dwarka,IN,2022-02-06 20:39:34,22.2394,68.9678,68.45,62,5,8.01
520,Genhe,CN,2022-02-06 20:40:53,50.7833,121.5167,-17.5,100,62,1.5
521,Bushehr,IR,2022-02-06 20:36:06,28.9684,50.8385,60.89,59,0,18.41
522,Goundam,ML,2022-02-06 20:40:54,16.4145,-3.6708,70.97,11,0,10.4
523,Winslow,US,2022-02-06 20:40:55,35.0242,-110.6974,49.96,21,0,4.0
524,Coquimbo,CL,2022-02-06 20:38:17,-29.9533,-71.3436,67.73,72,40,12.66
525,Bathsheba,BB,2022-02-06 20:39:37,13.2167,-59.5167,81.21,69,40,17.27
526,Kutulik,RU,2022-02-06 20:40:55,53.3508,102.7839,5.43,93,87,4.25
527,Acarau,BR,2022-02-06 20:40:47,-2.8856,-40.12,81.01,75,64,13.53
528,Vrises,GR,2022-02-06 20:40:56,35.492,23.8899,56.16,84,17,4.43
529,Katherine,AU,2022-02-06 20:40:57,-14.4667,132.2667,75.52,94,95,0.0
530,Villefontaine,FR,2022-02-06 20:40:57,45.6125,5.1456,45.36,78,100,8.01
531,Harer,ET,2022-02-06 20:40:58,9.3094,42.1258,57.72,81,2,7.7
532,Ambilobe,MG,2022-02-06 20:40:58,-13.2,49.05,74.71,93,98,2.62
533,Pecos,US,2022-02-06 20:40:59,31.4229,-103.4932,59.09,21,0,14.97
534,Najran,SA,2022-02-06 20:40:59,17.4924,44.1277,57.85,46,64,4.09
535,Viloco,BO,2022-02-06 20:41:00,-16.95,-67.55,42.28,93,100,5.12
536,Vila Velha,BR,2022-02-06 20:41:00,-20.3297,-40.2925,80.94,84,40,8.99
537,Mogocha,RU,2022-02-06 20:41:01,53.7333,119.7667,-4.47,99,100,2.28
538,Ustyuzhna,RU,2022-02-06 20:41:01,58.8394,36.4321,16.39,95,75,7.02
539,Severo-Yeniseyskiy,RU,2022-02-06 20:41:02,60.3725,93.0408,6.42,98,100,1.72
540,Halifax,CA,2022-02-06 20:37:08,44.6453,-63.5724,20.21,72,3,2.3
541,Pineville,US,2022-02-06 20:41:02,31.3224,-92.4343,57.33,32,0,1.01
542,Pisco,PE,2022-02-06 20:41:03,-13.7,-76.2167,71.02,83,20,10.36
543,Tucumcari,US,2022-02-06 20:42:03,35.1717,-103.725,44.94,49,100,21.85
