City_ID,City,Country,Date,Lat,Lng,Current Description,Max Temp,Humidity %,Cloudiness %,Wind Speed
0,Ushuaia,AR,2022-02-07 23:22:02,-54.8,-68.3,scattered clouds,62.26,59,40,5.75
1,Hobart,AU,2022-02-07 23:26:37,-42.8794,147.3294,broken clouds,68.22,62,75,9.22
2,Port Alfred,ZA,2022-02-07 23:26:38,-33.5906,26.891,few clouds,72.27,91,20,5.57
3,Ballina,AU,2022-02-07 23:26:38,-28.8667,153.5667,overcast clouds,73.58,90,100,12.66
4,Lebu,CL,2022-02-07 23:26:39,-37.6167,-73.65,clear sky,62.11,82,3,14.63
5,Atuona,PF,2022-02-07 23:26:39,-9.8,-139.0333,light rain,77.79,78,4,15.97
6,Chicama,PE,2022-02-07 23:24:10,-7.8447,-79.1469,broken clouds,66.74,62,63,9.28
7,Mataura,NZ,2022-02-07 23:26:40,-46.1927,168.8643,clear sky,59.49,42,2,2.55
8,Ilulissat,GL,2022-02-07 23:26:40,69.2167,-51.1,light shower snow,8.62,61,40,19.57
9,Albany,US,2022-02-07 23:26:41,42.6001,-73.9662,overcast clouds,35.67,89,100,0.31
10,Jamestown,US,2022-02-07 23:24:04,42.097,-79.2353,clear sky,37.04,34,0,6.91
11,Punta Arenas,CL,2022-02-07 23:26:41,-53.15,-70.9167,moderate rain,53.71,87,100,8.05
12,Pangnirtung,CA,2022-02-07 23:22:44,66.1451,-65.7125,broken clouds,-20.2,76,75,2.3
13,Nuuk,GL,2022-02-07 23:26:42,64.1835,-51.7216,broken clouds,2.01,85,75,11.5
14,Acari,PE,2022-02-07 23:23:12,-15.4311,-74.6158,broken clouds,74.61,70,54,7.16
15,Kismayo,SO,2022-02-07 23:26:43,-0.3582,42.5454,overcast clouds,77.32,84,92,15.75
16,Phuket,TH,2022-02-07 23:26:43,8.0,98.25,scattered clouds,84.99,100,40,0.0
17,Sola,VU,2022-02-07 23:23:23,-13.8833,167.55,moderate rain,81.88,86,100,32.7
18,Bandarbeyla,SO,2022-02-07 23:26:44,9.4942,50.8122,few clouds,75.06,69,22,18.25
19,Umea,SE,2022-02-07 23:25:37,63.8284,20.2597,clear sky,14.92,92,10,0.0
20,Imeni Stepana Razina,RU,2022-02-07 23:26:44,54.8932,44.2963,snow,25.95,95,100,10.0
21,Bambous Virieux,MU,2022-02-07 23:26:45,-20.3428,57.7575,broken clouds,77.25,83,75,3.44
22,Husavik,IS,2022-02-07 23:26:45,66.0449,-17.3389,snow,26.51,77,27,14.16
23,Butaritari,KI,2022-02-07 23:26:46,3.0707,172.7902,broken clouds,82.24,74,62,16.96
24,Guerrero Negro,MX,2022-02-07 23:26:46,27.9769,-114.0611,clear sky,74.5,23,0,6.93
25,Iranshahr,IR,2022-02-07 23:26:46,27.2025,60.6848,clear sky,58.66,41,0,5.79
26,Yellowknife,CA,2022-02-07 23:22:10,62.456,-114.3525,broken clouds,-0.58,90,75,17.27
27,Busselton,AU,2022-02-07 23:21:49,-33.65,115.3333,clear sky,60.04,80,7,1.61
28,Cherskiy,RU,2022-02-07 23:26:47,68.75,161.3,scattered clouds,-35.64,100,32,2.35
29,Bredasdorp,ZA,2022-02-07 23:21:57,-34.5322,20.0403,clear sky,63.72,88,6,3.44
30,Muros,ES,2022-02-07 23:26:48,42.7762,-9.0603,few clouds,51.84,83,23,8.16
31,Sulangan,PH,2022-02-07 23:26:49,11.1373,123.7228,broken clouds,79.02,83,64,11.5
32,Cape Town,ZA,2022-02-07 23:26:49,-33.9258,18.4232,fog,69.1,91,100,17.27
33,Rikitea,PF,2022-02-07 23:21:49,-23.1203,-134.9692,broken clouds,78.71,75,73,13.13
34,Athabasca,CA,2022-02-07 23:26:50,54.7169,-113.2854,broken clouds,46.22,67,66,16.2
35,Qaqortoq,GL,2022-02-07 23:26:50,60.7167,-46.0333,overcast clouds,9.1,58,100,43.37
36,Caxito,AO,2022-02-07 23:26:50,-8.5785,13.6643,overcast clouds,71.8,89,98,1.45
37,Tocopilla,CL,2022-02-07 23:21:53,-22.092,-70.1979,few clouds,71.31,65,21,10.36
38,Provideniya,RU,2022-02-07 23:26:51,64.3833,-173.3,clear sky,-5.69,59,0,15.66
39,Aklavik,CA,2022-02-07 23:26:51,68.2191,-135.0107,broken clouds,-27.4,68,75,8.05
40,Sao Francisco De Paula,BR,2022-02-07 23:26:52,-29.4481,-50.5836,clear sky,65.64,70,0,0.67
41,Esperance,AU,2022-02-07 23:26:52,-33.8667,121.9,overcast clouds,62.44,59,100,15.7
42,Tabuk,PH,2022-02-07 23:26:53,17.4189,121.4443,broken clouds,69.57,92,65,2.95
43,Poya,NC,2022-02-07 23:26:54,-21.35,165.15,overcast clouds,83.23,83,94,15.12
44,Ponta Do Sol,PT,2022-02-07 23:26:54,32.6667,-17.1,few clouds,63.23,70,19,8.43
45,Kapaa,US,2022-02-07 23:27:54,22.0752,-159.319,scattered clouds,79.2,68,40,13.8
46,Zhezkazgan,KZ,2022-02-07 23:24:48,47.8043,67.7144,overcast clouds,8.26,100,98,5.77
47,Dikson,RU,2022-02-07 23:27:55,73.5069,80.5464,overcast clouds,4.14,90,100,26.87
48,Bereda,ES,2022-02-07 23:27:56,43.2686,-7.5406,broken clouds,48.92,100,79,3.69
49,Okhotsk,RU,2022-02-07 23:27:56,59.3833,143.3,overcast clouds,3.81,80,100,6.98
50,Severo-Kurilsk,RU,2022-02-07 23:27:57,50.6789,156.125,broken clouds,30.4,86,80,5.82
51,Los Llanos De Aridane,ES,2022-02-07 23:27:57,28.6585,-17.9182,clear sky,60.55,72,0,10.36
52,Nogales,MX,2022-02-07 23:27:58,31.3086,-110.9422,clear sky,62.17,14,0,8.05
53,Roma,US,2022-02-07 23:27:58,43.2128,-75.4557,clear sky,33.94,73,0,0.0
54,Palauig,PH,2022-02-07 23:27:58,15.435,119.9045,overcast clouds,79.0,75,100,3.47
55,Margate,GB,2022-02-07 23:27:59,51.3813,1.3862,overcast clouds,51.12,85,95,5.01
56,Aykhal,RU,2022-02-07 23:27:59,66.0,111.5,overcast clouds,-33.59,100,100,7.74
57,New Norfolk,AU,2022-02-07 23:28:00,-42.7826,147.0587,few clouds,68.67,51,15,1.99
58,Hambantota,LK,2022-02-07 23:24:04,6.1241,81.1185,overcast clouds,76.1,80,100,5.44
59,Aracataca,CO,2022-02-07 23:28:01,10.5918,-74.1898,broken clouds,83.98,58,52,5.12
60,Hays,US,2022-02-07 23:28:01,30.0502,-98.0336,clear sky,59.81,41,0,4.0
61,Kodiak,US,2022-02-07 23:28:02,57.79,-152.4072,light snow,35.11,87,100,13.8
62,Mar Del Plata,AR,2022-02-07 23:25:07,-38.0023,-57.5575,scattered clouds,66.09,78,40,8.99
63,Saint-Philippe,RE,2022-02-07 23:28:02,-21.3585,55.7679,overcast clouds,74.79,86,100,11.97
64,Rio Verde De Mato Grosso,BR,2022-02-07 23:28:03,-18.9181,-54.8442,broken clouds,74.8,81,72,4.0
65,Mizdah,LY,2022-02-07 23:28:04,31.4451,12.9801,overcast clouds,52.68,72,100,6.17
66,Airai,TL,2022-02-07 23:28:04,-8.9266,125.4092,overcast clouds,64.8,84,86,0.72
67,Phuthaditjhaba,ZA,2022-02-07 23:23:33,-28.5242,28.8158,overcast clouds,57.97,98,94,2.53
68,Okha,RU,2022-02-07 23:28:05,53.5739,142.9478,light snow,13.64,94,100,15.77
69,Vilhena,BR,2022-02-07 23:28:05,-12.7406,-60.1458,thunderstorm with light rain,75.42,83,75,14.97
70,Hilo,US,2022-02-07 23:23:38,19.7297,-155.09,few clouds,74.25,91,13,1.99
71,Hammond,US,2022-02-07 23:28:06,41.5834,-87.5,clear sky,25.25,69,0,6.91
72,Puerto Ayora,EC,2022-02-07 23:28:06,-0.7393,-90.3518,clear sky,75.94,68,3,7.94
73,Sioux Lookout,CA,2022-02-07 23:28:07,50.1001,-91.917,overcast clouds,14.07,73,100,8.05
74,Saint-Augustin,CA,2022-02-07 23:28:07,51.226,-58.6502,overcast clouds,9.0,97,100,1.16
75,Victoria,HK,2022-02-07 23:26:41,22.2855,114.1577,broken clouds,63.32,85,82,5.01
76,Clyde River,CA,2022-02-07 23:23:25,70.4692,-68.5914,few clouds,-39.77,60,20,4.61
77,Osa,RU,2022-02-07 23:28:09,57.2829,55.4567,overcast clouds,6.71,97,100,3.44
78,Castro,BR,2022-02-07 23:28:09,-24.7911,-50.0119,clear sky,66.16,60,0,1.81
79,Hovd,MN,2022-02-07 23:28:10,48.0056,91.6419,clear sky,-13.13,67,3,3.09
80,Yotoco,CO,2022-02-07 23:28:10,3.8605,-76.3836,overcast clouds,77.14,93,97,2.17
81,Qaanaaq,GL,2022-02-07 23:28:11,77.484,-69.3632,overcast clouds,-3.8,58,100,6.64
82,Barrow,US,2022-02-07 23:28:11,71.2906,-156.7887,haze,-25.58,68,0,9.22
83,Yabrud,SY,2022-02-07 23:28:12,33.9674,36.6574,overcast clouds,31.66,81,91,5.23
84,Korla,CN,2022-02-07 23:28:12,41.7597,86.1469,overcast clouds,22.57,50,92,3.27
85,Vaini,TO,2022-02-07 23:28:13,-21.2,-175.2,light rain,77.16,100,100,9.22
86,Itoman,JP,2022-02-07 23:28:13,26.1247,127.6694,broken clouds,68.4,92,75,25.32
87,Fortuna,US,2022-02-07 23:28:14,40.5982,-124.1573,clear sky,67.42,78,0,5.75
88,Lompoc,US,2022-02-07 23:28:14,34.6391,-120.4579,clear sky,78.69,58,0,11.5
89,Codrington,AU,2022-02-07 23:29:15,-38.2667,141.9667,clear sky,79.7,27,0,10.02
90,Paka,MY,2022-02-07 23:29:15,4.6374,103.4368,scattered clouds,76.93,94,40,1.14
91,Nanortalik,GL,2022-02-07 23:29:16,60.1432,-45.2371,overcast clouds,10.35,71,100,50.4
92,Otradnoye,RU,2022-02-07 23:29:16,59.7775,30.8181,light snow,36.03,99,100,2.66
93,Khatanga,RU,2022-02-07 23:29:17,71.9667,102.5,overcast clouds,-17.21,96,100,10.18
94,Georgetown,MY,2022-02-07 23:29:18,5.4112,100.3354,few clouds,79.9,93,20,3.44
95,Hermanus,ZA,2022-02-07 23:25:05,-34.4187,19.2345,few clouds,62.91,89,15,5.55
96,Micheweni,TZ,2022-02-07 23:29:18,-4.9667,39.8333,broken clouds,78.64,78,82,8.81
97,Gejiu,CN,2022-02-07 23:29:19,23.306,103.1635,scattered clouds,40.35,97,46,4.97
98,Bonavista,CA,2022-02-07 23:29:19,48.6499,-53.1147,overcast clouds,21.11,67,99,19.08
99,Carnarvon,AU,2022-02-07 23:29:20,-24.8667,113.6333,clear sky,69.87,56,5,14.97
100,Mineiros,BR,2022-02-07 23:28:52,-17.5694,-52.5511,broken clouds,69.4,93,73,2.95
101,Ribeira Grande,PT,2022-02-07 23:29:21,38.5167,-28.7,broken clouds,60.04,73,64,12.01
102,Sao Jose Da Coroa Grande,BR,2022-02-07 23:29:21,-8.8978,-35.1478,clear sky,79.27,74,2,10.11
103,Santa Rosa De Cabal,CO,2022-02-07 23:29:22,4.8681,-75.6214,moderate rain,67.62,83,40,9.22
104,Saldanha,ZA,2022-02-07 23:29:22,-33.0117,17.9442,clear sky,64.45,97,8,9.13
105,Dunedin,NZ,2022-02-07 23:29:23,-45.8742,170.5036,scattered clouds,61.93,66,36,5.14
106,Ust-Kuyga,RU,2022-02-07 23:29:23,70.0167,135.6,overcast clouds,-46.59,100,97,2.91
107,Jutai,BR,2022-02-07 23:29:24,-5.1833,-68.9,broken clouds,76.44,90,73,0.81
108,Statesboro,US,2022-02-07 23:27:47,32.4488,-81.7832,light rain,47.73,93,100,5.75
109,Hithadhoo,MV,2022-02-07 23:29:24,-0.6,73.0833,overcast clouds,82.29,67,93,15.05
110,Takoradi,GH,2022-02-07 23:29:25,4.8845,-1.7554,overcast clouds,79.09,88,99,5.86
111,Bluff,NZ,2022-02-07 23:29:25,-46.6,168.3333,scattered clouds,59.81,72,49,9.84
112,Houma,US,2022-02-07 23:29:26,29.5958,-90.7195,broken clouds,55.4,48,75,5.75
113,Coos Bay,US,2022-02-07 23:29:27,43.3665,-124.2179,mist,62.31,100,100,17.27
114,Saint George,US,2022-02-07 23:26:32,37.1041,-113.5841,clear sky,62.44,17,0,1.01
115,Kaitangata,NZ,2022-02-07 23:29:27,-46.2817,169.8464,few clouds,58.93,72,24,5.64
116,Hofn,IS,2022-02-07 23:29:28,64.2539,-15.2082,overcast clouds,35.74,86,96,44.87
117,Thompson,CA,2022-02-07 23:26:33,55.7435,-97.8558,broken clouds,19.56,79,75,3.44
118,Redmond,US,2022-02-07 23:25:40,47.674,-122.1215,overcast clouds,55.65,81,99,1.99
119,Quatre Cocos,MU,2022-02-07 23:29:29,-20.2078,57.7625,broken clouds,77.11,83,79,9.26
120,Chateaubelair,VC,2022-02-07 23:29:29,13.2833,-61.25,broken clouds,77.61,77,53,15.05
121,Gunjur,GM,2022-02-07 23:29:30,13.2019,-16.7339,clear sky,73.47,83,0,4.61
122,South Lake Tahoe,US,2022-02-07 23:27:59,38.9332,-119.9844,clear sky,57.54,46,0,8.05
123,Matola,MZ,2022-02-07 23:29:30,-25.9622,32.4589,few clouds,73.51,94,20,8.05
124,Kalevala,RU,2022-02-07 23:29:31,65.2,31.1667,overcast clouds,19.72,98,100,3.27
125,Nsunga,TZ,2022-02-07 23:29:31,-1.1439,31.3947,overcast clouds,62.82,88,97,2.77
126,Khoy,IR,2022-02-07 23:29:31,38.5504,44.9535,clear sky,22.57,64,7,5.3
127,Zverevo,RU,2022-02-07 23:29:32,48.0211,40.1228,snow,33.73,85,100,13.51
128,San Cristobal,VE,2022-02-07 23:29:33,7.7669,-72.225,overcast clouds,73.58,75,89,1.5
129,Ouadda,CF,2022-02-07 23:29:33,8.0777,22.4007,few clouds,63.81,18,21,6.17
130,Ngunguru,NZ,2022-02-07 23:29:34,-35.6167,174.5,overcast clouds,75.16,96,100,6.69
131,Hobyo,SO,2022-02-07 23:29:34,5.3505,48.5268,scattered clouds,75.33,69,34,16.82
132,Hirara,JP,2022-02-07 23:30:35,24.8,125.2833,broken clouds,66.47,77,75,23.02
133,Teahupoo,PF,2022-02-07 23:30:35,-17.8333,-149.2667,light rain,80.56,79,100,21.23
134,Shellbrook,CA,2022-02-07 23:30:36,53.2168,-106.4011,overcast clouds,33.03,90,100,18.32
135,Khani,GE,2022-02-07 23:30:36,41.9563,42.9566,scattered clouds,31.57,75,27,8.86
136,Westport,US,2022-02-07 23:30:37,41.1415,-73.3579,mist,39.2,95,100,8.05
137,Tuktoyaktuk,CA,2022-02-07 23:30:37,69.4541,-133.0374,few clouds,-32.8,68,20,8.05
138,Boa Vista,BR,2022-02-07 23:30:38,2.8197,-60.6733,few clouds,84.18,61,20,9.22
139,East London,ZA,2022-02-07 23:30:38,-33.0153,27.9116,clear sky,73.18,90,7,10.69
140,Moth,IN,2022-02-07 23:30:39,25.7167,78.95,clear sky,54.77,56,0,4.88
141,Churachandpur,IN,2022-02-07 23:30:39,24.3333,93.6667,clear sky,39.56,96,0,1.79
142,Visby,SE,2022-02-07 23:30:40,57.6409,18.296,clear sky,35.82,80,7,11.5
143,Cabo San Lucas,MX,2022-02-07 23:30:40,22.8909,-109.9124,clear sky,79.61,53,0,3.44
144,Joshimath,IN,2022-02-07 23:30:41,30.5667,79.5667,clear sky,33.51,50,4,7.87
145,Avarua,CK,2022-02-07 23:30:42,-21.2078,-159.775,heavy intensity rain,77.05,88,75,12.66
146,Touros,BR,2022-02-07 23:30:42,-5.1989,-35.4608,broken clouds,81.5,69,52,13.31
147,Emba,KZ,2022-02-07 23:30:43,48.8264,58.1442,overcast clouds,14.58,96,100,4.12
148,Linden,GY,2022-02-07 23:30:43,6.0,-58.3,broken clouds,78.94,95,80,3.42
149,Macenta,GN,2022-02-07 23:30:44,8.5435,-9.471,overcast clouds,70.2,27,99,2.86
150,Nicoya,CR,2022-02-07 23:30:44,10.1483,-85.452,broken clouds,85.55,62,55,1.03
151,Yulara,AU,2022-02-07 23:30:31,-25.2406,130.9889,overcast clouds,82.24,57,98,12.66
152,Grand Gaube,MU,2022-02-07 23:29:37,-20.0064,57.6608,broken clouds,77.4,86,75,3.0
153,Pisco,PE,2022-02-07 23:30:46,-13.7,-76.2167,clear sky,72.01,88,0,9.22
154,Saint-Joseph,RE,2022-02-07 23:30:46,-21.3667,55.6167,overcast clouds,73.78,84,100,11.25
155,Bobo Dioulasso,BF,2022-02-07 23:30:47,11.1771,-4.2979,clear sky,74.34,14,0,4.25
156,Isangel,VU,2022-02-07 23:29:56,-19.55,169.2667,overcast clouds,86.11,79,100,10.36
157,Tambura,SS,2022-02-07 23:30:47,5.6,27.4667,overcast clouds,67.95,22,97,4.88
158,Talakan,RU,2022-02-07 23:30:48,50.3167,130.3667,overcast clouds,-2.2,97,99,0.83
159,Choma,ZM,2022-02-07 23:30:48,-16.8065,26.9531,scattered clouds,60.94,96,42,4.07
160,Iqaluit,CA,2022-02-07 23:29:49,63.7506,-68.5145,overcast clouds,-7.87,59,100,6.91
161,Saskylakh,RU,2022-02-07 23:30:50,71.9167,114.0833,scattered clouds,-26.12,99,50,6.13
162,Prince Rupert,CA,2022-02-07 23:30:10,54.3161,-130.3201,broken clouds,44.69,81,75,8.05
163,Lorengau,PG,2022-02-07 23:30:50,-2.0226,147.2712,overcast clouds,84.31,75,96,8.01
164,Cayenne,GF,2022-02-07 23:30:05,4.9333,-52.3333,clear sky,81.09,83,0,4.61
165,Karratha,AU,2022-02-07 23:30:51,-20.7377,116.8463,overcast clouds,80.44,78,100,19.22
166,Nakhon Phanom,TH,2022-02-07 23:30:52,17.3333,104.4167,scattered clouds,72.88,71,31,4.36
167,Tuatapere,NZ,2022-02-07 23:30:52,-46.1333,167.6833,clear sky,59.83,44,0,6.08
168,Oxford,GB,2022-02-07 23:30:28,51.7522,-1.256,broken clouds,51.49,86,75,9.22
169,Puxinana,BR,2022-02-07 23:30:53,-7.1611,-35.9606,few clouds,73.18,78,20,17.27
170,Havre-Saint-Pierre,CA,2022-02-07 23:30:53,50.2334,-63.5986,overcast clouds,15.8,85,100,12.66
171,Ancud,CL,2022-02-07 23:30:54,-41.8697,-73.8203,overcast clouds,65.73,88,93,5.66
172,Strezhevoy,RU,2022-02-07 23:30:54,60.7333,77.5889,clear sky,-9.02,99,9,5.66
173,Mirabela,BR,2022-02-07 23:30:55,-16.2628,-44.1644,overcast clouds,75.45,96,100,3.87
174,Brodokalmak,RU,2022-02-07 23:30:56,55.5748,62.082,overcast clouds,4.1,100,87,4.27
175,Salinopolis,BR,2022-02-07 23:31:57,-0.6136,-47.3561,broken clouds,78.64,86,80,8.16
176,Wajima,JP,2022-02-07 23:31:57,37.4,136.9,broken clouds,34.48,93,75,2.3
177,Nyurba,RU,2022-02-07 23:31:58,63.2842,118.3319,overcast clouds,-14.69,96,100,5.19
178,Arroyo,ES,2022-02-07 23:31:58,41.6096,-4.7969,clear sky,40.59,79,0,5.75
179,Yumen,CN,2022-02-07 23:31:59,40.2833,97.2,few clouds,17.04,70,15,10.2
180,Ahipara,NZ,2022-02-07 23:32:00,-35.1667,173.1667,broken clouds,79.86,77,68,6.93
181,Stawell,AU,2022-02-07 23:32:01,-37.05,142.7667,clear sky,77.74,26,0,13.91
182,Kresttsy,RU,2022-02-07 23:32:01,58.2452,32.5165,overcast clouds,32.83,90,100,5.17
183,Bethel,US,2022-02-07 23:32:02,41.3712,-73.414,mist,37.49,91,100,0.0
184,Terrace,CA,2022-02-07 23:32:03,54.5163,-128.6035,light intensity shower rain,42.71,87,75,10.36
185,Nikolskoye,RU,2022-02-07 23:32:03,59.7035,30.7861,overcast clouds,35.71,99,100,2.13
186,Upernavik,GL,2022-02-07 23:32:04,72.7868,-56.1549,overcast clouds,-8.45,93,100,13.04
187,Fairbanks,US,2022-02-07 23:30:35,64.8378,-147.7164,light snow,0.1,75,100,6.91
188,Yoichi,JP,2022-02-07 23:32:04,43.2039,140.7703,light snow,26.78,84,100,5.79
189,Oxapampa,PE,2022-02-07 23:32:05,-10.5775,-75.4017,overcast clouds,58.26,99,100,2.89
190,Pevek,RU,2022-02-07 23:29:37,69.7008,170.3133,scattered clouds,-28.59,98,26,3.13
191,Mana,GF,2022-02-07 23:32:06,5.6592,-53.7767,scattered clouds,77.11,87,44,8.57
192,Petropavlovsk-Kamchatskiy,RU,2022-02-07 23:32:06,53.0452,158.6483,broken clouds,23.59,86,75,4.47
193,Fomboni,KM,2022-02-07 23:32:07,-12.28,43.7425,light rain,82.44,76,88,13.06
194,Bandarban,BD,2022-02-07 23:32:07,22.1965,92.2262,clear sky,50.68,81,0,2.75
195,Broome,US,2022-02-07 23:32:08,42.2506,-75.833,clear sky,35.98,75,0,3.44
196,Trondheim,NO,2022-02-07 23:30:04,63.4305,10.3951,overcast clouds,37.45,89,100,7.31
197,Vostok,RU,2022-02-07 23:31:04,46.4856,135.8833,overcast clouds,2.7,92,100,3.06
198,Burgeo,CA,2022-02-07 23:29:28,47.6167,-57.6152,overcast clouds,29.48,70,100,18.37
199,Omboue,GA,2022-02-07 23:32:09,-1.5746,9.2618,broken clouds,77.74,89,51,5.88
200,Usta Muhammad,PK,2022-02-07 23:32:10,28.1794,68.0445,broken clouds,61.25,34,57,1.54
201,Pemberton,CA,2022-02-07 23:32:10,50.3164,-122.8027,overcast clouds,46.26,95,93,4.99
202,Doka,SD,2022-02-07 23:32:11,13.5167,35.7667,clear sky,70.39,35,2,10.31
203,Fukue,JP,2022-02-07 23:32:11,32.6881,128.8419,scattered clouds,43.16,81,40,3.44
204,Alihe,CN,2022-02-07 23:32:12,50.5667,123.7167,clear sky,-5.01,94,8,2.66
205,Jinji,CN,2022-02-07 23:32:12,23.2281,110.8261,overcast clouds,48.54,84,100,7.63
206,Vila Velha,BR,2022-02-07 23:30:06,-20.3297,-40.2925,broken clouds,78.94,87,75,12.66
207,Asyut,EG,2022-02-07 23:32:13,27.181,31.1837,clear sky,51.98,40,0,4.65
208,Mahebourg,MU,2022-02-07 23:32:14,-20.4081,57.7,broken clouds,77.29,83,75,3.44
209,Sainte-Anne-Des-Monts,CA,2022-02-07 23:32:14,49.124,-66.4924,overcast clouds,17.47,86,100,4.61
210,Byron Bay,AU,2022-02-07 23:32:15,-28.65,153.6167,overcast clouds,74.88,61,87,12.44
211,Matara,LK,2022-02-07 23:31:02,5.9485,80.5353,overcast clouds,74.91,86,100,3.33
212,Bandar,ID,2022-02-07 23:32:15,2.05,99.75,overcast clouds,71.51,91,98,2.57
213,College,US,2022-02-07 23:32:16,64.8569,-147.8028,light snow,-0.42,74,75,6.91
214,Vanavara,RU,2022-02-07 23:32:17,60.34,102.2797,overcast clouds,-11.94,95,98,6.42
215,Kutum,SD,2022-02-07 23:32:17,14.2,24.6667,clear sky,51.55,24,0,6.53
216,Kedrovyy,RU,2022-02-07 23:32:18,56.1667,91.8167,overcast clouds,5.41,99,100,3.49
217,Kloulklubed,PW,2022-02-07 23:32:18,7.0419,134.2556,scattered clouds,82.9,79,49,22.59
218,Kruisfontein,ZA,2022-02-07 23:32:19,-34.0033,24.7314,broken clouds,67.89,54,59,1.88
219,Contamana,PE,2022-02-07 23:32:19,-7.3333,-75.0167,overcast clouds,71.35,99,99,1.43
220,Chokurdakh,RU,2022-02-07 23:32:20,70.6333,147.9167,overcast clouds,-45.74,100,96,5.14
221,Shatki,RU,2022-02-07 23:32:20,55.1887,44.1249,light snow,26.51,94,100,10.38
222,Jurado,CO,2022-02-07 23:32:21,7.1053,-77.7641,overcast clouds,77.83,81,92,0.96
223,Tiksi,RU,2022-02-07 23:29:41,71.6872,128.8694,broken clouds,-26.21,99,63,5.68
224,Marsabit,KE,2022-02-07 23:33:21,2.3284,37.9899,scattered clouds,69.69,37,47,9.78
225,Alice Springs,AU,2022-02-07 23:31:00,-23.7,133.8833,scattered clouds,83.75,26,39,3.44
226,Cumbum,IN,2022-02-07 23:29:30,9.7333,77.3,broken clouds,66.0,94,56,1.14
227,Boundiali,CI,2022-02-07 23:33:22,9.5217,-6.4869,broken clouds,74.66,18,55,1.63
228,Dongsheng,CN,2022-02-07 23:33:23,39.8161,109.9776,few clouds,13.96,53,11,4.52
229,Barcarena,BR,2022-02-07 23:33:23,-1.5058,-48.6258,broken clouds,80.65,91,77,7.9
230,Lata,PT,2022-02-07 23:33:24,40.1629,-8.3327,clear sky,52.92,62,1,4.56
231,Ust-Nera,RU,2022-02-07 23:33:24,64.5667,143.2,broken clouds,-26.18,80,75,0.74
232,Pacific Grove,US,2022-02-07 23:33:25,36.6177,-121.9166,clear sky,74.57,71,0,5.01
233,Ust-Omchug,RU,2022-02-07 23:33:26,61.15,149.6333,broken clouds,-17.3,76,84,2.55
234,Maniitsoq,GL,2022-02-07 23:33:26,65.4167,-52.9,light snow,0.7,89,100,7.92
235,Mackenzie,CA,2022-02-07 23:30:08,55.2999,-123.1698,broken clouds,43.02,52,75,11.5
236,Port Elizabeth,ZA,2022-02-07 23:30:26,-33.918,25.5701,clear sky,64.69,94,0,6.91
237,Vanimo,PG,2022-02-07 23:33:27,-2.6741,141.3028,moderate rain,83.03,74,97,0.87
238,Klaksvik,FO,2022-02-07 23:30:09,62.2266,-6.589,broken clouds,34.72,75,72,36.64
239,Urusha,RU,2022-02-07 23:33:28,54.05,122.9,few clouds,-13.63,97,21,2.04
240,Hay River,CA,2022-02-07 23:30:28,60.8156,-115.7999,light snow,-2.22,84,100,21.85
241,Cidreira,BR,2022-02-07 23:33:28,-30.1811,-50.2056,clear sky,70.7,69,0,9.4
242,Moerai,PF,2022-02-07 23:33:29,-22.4333,-151.3333,broken clouds,80.17,76,84,16.8
243,Ojinaga,MX,2022-02-07 23:33:29,29.5667,-104.4167,scattered clouds,60.57,33,40,4.61
244,Isla Mujeres,MX,2022-02-07 23:29:05,21.2311,-86.731,clear sky,78.85,71,1,6.73
245,Taoudenni,ML,2022-02-07 23:33:30,22.6783,-3.9836,clear sky,68.0,13,0,11.3
246,Olafsvik,IS,2022-02-07 23:33:31,64.8945,-23.7142,light snow,30.87,84,100,35.81
247,Arraial Do Cabo,BR,2022-02-07 23:29:35,-22.9661,-42.0278,overcast clouds,76.3,90,89,4.83
248,Bukama,CD,2022-02-07 23:33:32,-9.2,25.85,overcast clouds,68.38,99,100,2.57
249,Luanda,AO,2022-02-07 23:30:12,-8.8368,13.2343,overcast clouds,74.12,88,97,7.99
250,Half Moon Bay,US,2022-02-07 23:33:32,37.4636,-122.4286,clear sky,71.74,53,0,0.0
251,Xai-Xai,MZ,2022-02-07 23:33:33,-25.0519,33.6442,light rain,74.68,86,18,10.07
252,Bilma,NE,2022-02-07 23:33:34,18.6853,12.9164,clear sky,60.94,14,0,7.36
253,Manokwari,ID,2022-02-07 23:33:35,-0.8667,134.0833,overcast clouds,81.88,71,100,1.25
254,Abnub,EG,2022-02-07 23:33:35,27.2696,31.1511,clear sky,52.02,41,0,3.98
255,Arman,RU,2022-02-07 23:33:35,59.7,150.1667,overcast clouds,5.79,73,100,8.12
256,Dokka,NO,2022-02-07 23:33:36,60.84,10.0618,light snow,25.41,95,96,1.86
257,Muyezerskiy,RU,2022-02-07 23:33:36,63.9333,31.65,light snow,21.81,96,100,4.21
258,Lagoa,PT,2022-02-07 23:33:02,39.05,-27.9833,broken clouds,59.07,68,60,8.99
259,Gamba,GA,2022-02-07 23:33:37,-2.65,10.0,overcast clouds,77.14,91,97,6.58
260,Placer,US,2022-02-07 23:33:38,39.0666,-120.7677,clear sky,64.67,29,2,1.01
261,Gbarnga,LR,2022-02-07 23:33:38,6.9956,-9.4722,broken clouds,74.23,87,81,2.44
262,Shiyan,CN,2022-02-07 23:33:39,32.6475,110.7781,light snow,31.68,74,100,0.56
263,Bengkulu,ID,2022-02-07 23:30:21,-3.8004,102.2655,overcast clouds,74.46,85,93,5.32
264,Petrozavodsk,RU,2022-02-07 23:33:39,61.7849,34.3469,light snow,22.48,92,100,11.18
265,Mino,JP,2022-02-07 23:33:40,34.8269,135.4706,broken clouds,40.23,72,75,1.14
266,Hvide Sande,DK,2022-02-07 23:33:40,56.0045,8.1294,overcast clouds,42.1,94,90,25.93
267,Doume,CM,2022-02-07 23:33:41,4.2333,13.45,few clouds,66.78,33,12,3.04
268,Alyangula,AU,2022-02-07 23:30:53,-13.8483,136.4192,overcast clouds,84.07,84,90,0.0
269,Port Blair,IN,2022-02-07 23:33:42,11.6667,92.75,drizzle,75.24,94,40,3.44
270,Wilmington,US,2022-02-07 23:32:37,34.2257,-77.9447,overcast clouds,43.0,88,100,18.41
271,Goderich,CA,2022-02-07 23:34:17,43.7501,-81.7165,overcast clouds,30.52,86,100,10.36
272,Huarmey,PE,2022-02-07 23:34:42,-10.0681,-78.1522,overcast clouds,71.38,79,88,6.87
273,Deep River,CA,2022-02-07 23:34:43,46.1001,-77.4995,light snow,30.94,96,100,8.03
274,Shinuhayr,AM,2022-02-07 23:34:44,39.4367,46.3179,few clouds,23.27,62,19,10.31
275,Mestia,GE,2022-02-07 23:34:44,43.0458,42.7278,broken clouds,15.87,82,54,4.25
276,Ixtapa,MX,2022-02-07 23:34:44,20.7,-105.2,clear sky,76.23,69,0,10.36
277,Jining,CN,2022-02-07 23:34:45,35.405,116.5814,scattered clouds,31.57,70,34,4.45
278,Benemerito De Las Americas,MX,2022-02-07 23:34:45,16.5167,-90.6439,broken clouds,73.92,78,79,2.37
279,Vryburg,ZA,2022-02-07 23:34:46,-26.9566,24.7284,overcast clouds,66.9,55,88,3.96
280,Wanaka,NZ,2022-02-07 23:34:38,-44.7,169.15,clear sky,69.12,61,2,3.0
281,Pringsewu,ID,2022-02-07 23:34:47,-5.3582,104.9744,overcast clouds,73.9,93,93,1.12
282,Moron,AR,2022-02-07 23:34:47,-34.6534,-58.6198,clear sky,70.02,68,0,5.01
283,Port Lincoln,AU,2022-02-07 23:34:48,-34.7333,135.8667,overcast clouds,75.97,53,98,21.14
284,Vila Do Maio,CV,2022-02-07 23:34:48,15.1333,-23.2167,clear sky,68.79,80,0,10.83
285,Nanakuli,US,2022-02-07 23:34:49,21.3906,-158.1547,broken clouds,82.35,59,75,11.5
286,Dakar,SN,2022-02-07 23:34:50,14.6937,-17.4441,clear sky,70.68,94,0,2.3
287,Dalnerechensk,RU,2022-02-07 23:34:50,45.9339,133.7225,overcast clouds,-1.61,99,91,5.26
288,Kieta,PG,2022-02-07 23:34:51,-6.2167,155.6333,light rain,84.87,75,98,10.36
289,Morant Bay,JM,2022-02-07 23:34:51,17.8815,-76.4093,few clouds,80.22,79,23,7.76
290,Kamen-Na-Obi,RU,2022-02-07 23:34:52,53.7884,81.3423,scattered clouds,-1.71,95,40,5.1
291,Jos,NG,2022-02-07 23:34:52,9.9167,8.9,broken clouds,63.91,23,69,5.77
292,Srednekolymsk,RU,2022-02-07 23:34:53,67.45,153.6833,broken clouds,-39.14,98,67,5.44
293,Sembe,CG,2022-02-07 23:34:53,1.6481,14.5806,broken clouds,72.43,36,63,0.83
294,Coquimbo,CL,2022-02-07 23:31:30,-29.9533,-71.3436,few clouds,65.93,77,20,10.36
295,Ozernovskiy,RU,2022-02-07 23:34:54,51.5,156.5167,broken clouds,31.32,75,76,7.58
296,Broken Hill,AU,2022-02-07 23:30:17,-31.95,141.4333,scattered clouds,80.31,32,40,16.11
297,Rambha,IN,2022-02-07 23:34:54,19.5167,85.1,clear sky,65.12,86,3,2.84
298,Ayan,RU,2022-02-07 23:34:55,56.45,138.1667,overcast clouds,8.85,82,100,4.5
299,Rosolini,IT,2022-02-07 23:34:55,36.8242,14.9478,clear sky,55.56,75,7,11.97
300,Shieli,KZ,2022-02-07 23:34:56,44.1667,66.75,overcast clouds,28.94,80,87,4.27
301,Acapulco,MX,2022-02-07 23:34:56,16.8634,-99.8901,smoke,82.22,74,75,11.5
302,Namatanai,PG,2022-02-07 23:34:57,-3.6667,152.4333,overcast clouds,84.43,71,85,7.38
303,Coahuayana,MX,2022-02-07 23:34:57,18.7333,-103.6833,broken clouds,87.28,62,66,4.41
304,Barra Do Garcas,BR,2022-02-07 23:34:58,-15.89,-52.2567,heavy intensity rain,73.98,94,40,1.61
305,Eureka,US,2022-02-07 23:30:55,40.8021,-124.1637,broken clouds,58.19,77,58,5.99
306,Bairiki,KI,2022-02-07 23:34:59,1.3292,172.9752,broken clouds,82.22,74,78,16.31
307,Saint Anthony,US,2022-02-07 23:30:28,45.0205,-93.218,few clouds,20.79,63,20,12.66
308,Alpena,US,2022-02-07 23:34:59,45.0617,-83.4327,overcast clouds,27.1,82,100,1.99
309,Hervey Bay,AU,2022-02-07 23:35:00,-25.2986,152.8535,few clouds,81.03,71,19,8.99
310,Panacan,PH,2022-02-07 23:35:01,9.2463,118.4082,overcast clouds,80.1,75,100,8.34
311,Ponta Delgada,PT,2022-02-07 23:35:02,37.7333,-25.6667,few clouds,61.5,72,20,6.91
312,Hamilton,US,2022-02-07 23:35:02,39.1834,-84.5333,clear sky,31.75,64,0,10.36
313,Arlit,NE,2022-02-07 23:35:03,18.7369,7.3853,clear sky,64.58,10,0,7.63
314,Freeport,US,2022-02-07 23:34:40,40.6576,-73.5832,mist,39.04,87,100,10.36
315,Vigrestad,NO,2022-02-07 23:35:03,58.5667,5.7,overcast clouds,45.0,93,100,26.31
316,Bhinmal,IN,2022-02-07 23:35:04,25.0,72.25,clear sky,61.52,64,0,5.37
317,Tasiilaq,GL,2022-02-07 23:35:05,65.6145,-37.6368,overcast clouds,23.16,55,100,10.25
318,Keflavik,IS,2022-02-07 23:35:05,64.0049,-22.5624,snow,34.23,60,75,51.79
319,Geraldton,AU,2022-02-07 23:35:06,-28.7667,114.6,clear sky,64.81,63,0,12.66
320,Pizhma,RU,2022-02-07 23:36:06,57.8642,47.1171,overcast clouds,3.34,100,97,4.63
321,Tautira,PF,2022-02-07 23:36:07,-17.7333,-149.15,light rain,87.82,78,100,20.38
322,Chuy,UY,2022-02-07 23:36:07,-33.6971,-53.4616,few clouds,63.99,79,22,9.51
323,Balotra,IN,2022-02-07 23:36:07,25.8333,72.2333,clear sky,63.19,73,0,7.45
324,Barmer,IN,2022-02-07 23:36:08,25.75,71.3833,clear sky,61.88,70,0,2.46
325,Nha Trang,VN,2022-02-07 23:36:09,12.25,109.1833,overcast clouds,73.4,86,99,5.48
326,Salinas,US,2022-02-07 23:36:09,36.6777,-121.6555,clear sky,74.98,56,0,10.36
327,Kishi,NG,2022-02-07 23:36:10,9.0833,3.85,few clouds,77.79,17,15,4.52
328,Hemnesberget,NO,2022-02-07 23:36:10,66.2333,13.6333,light snow,33.67,91,99,7.16
329,Sao Filipe,CV,2022-02-07 23:36:11,14.8961,-24.4956,clear sky,72.21,77,1,2.93
330,Jalu,LY,2022-02-07 23:36:11,29.0331,21.5482,few clouds,58.71,28,17,4.5
331,Torbay,CA,2022-02-07 23:35:34,47.6666,-52.7314,scattered clouds,20.57,81,40,11.5
332,Merauke,ID,2022-02-07 23:35:54,-8.4667,140.3333,overcast clouds,82.85,78,100,3.44
333,Oudtshoorn,ZA,2022-02-07 23:36:12,-33.5907,22.2014,clear sky,62.96,43,8,1.54
334,Lakatoro,VU,2022-02-07 23:36:13,-16.0999,167.4164,heavy intensity rain,80.31,91,100,28.1
335,Aksu,CN,2022-02-07 23:36:13,41.1231,80.2644,clear sky,20.95,67,8,2.73
336,Faanui,PF,2022-02-07 23:36:14,-16.4833,-151.75,overcast clouds,81.63,76,100,18.66
337,Mount Gambier,AU,2022-02-07 23:36:14,-37.8333,140.7667,clear sky,78.71,27,7,12.66
338,Thinadhoo,MV,2022-02-07 23:36:04,0.5333,72.9333,overcast clouds,82.06,71,98,15.19
339,Olinda,BR,2022-02-07 23:36:15,-8.0089,-34.8553,few clouds,82.13,69,20,8.05
340,Srinagar,IN,2022-02-07 23:36:16,34.0833,74.8167,scattered clouds,34.07,70,35,2.71
341,Vrangel,RU,2022-02-07 23:36:16,42.7297,133.0839,few clouds,18.1,60,13,8.9
342,Namibe,AO,2022-02-07 23:36:17,-15.1961,12.1522,overcast clouds,73.24,77,99,11.21
343,Limbang,MY,2022-02-07 23:36:17,4.75,115.0,overcast clouds,79.11,91,89,0.38
344,Tongzi,CN,2022-02-07 23:36:18,28.7829,105.0877,overcast clouds,41.32,83,100,4.63
345,Tandil,AR,2022-02-07 23:36:02,-37.3217,-59.1332,scattered clouds,61.41,70,34,8.23
346,Creel,MX,2022-02-07 23:36:19,27.75,-107.6333,clear sky,39.42,34,9,15.28
347,Hualmay,PE,2022-02-07 23:33:50,-11.0964,-77.6139,broken clouds,71.04,79,78,7.92
348,Camargo,MX,2022-02-07 23:36:20,27.6667,-105.1667,scattered clouds,53.22,22,36,11.21
349,Souillac,MU,2022-02-07 23:35:06,-20.5167,57.5167,broken clouds,77.38,83,75,3.44
350,Mercedes,AR,2022-02-07 23:36:20,-34.6515,-59.4307,clear sky,69.84,67,0,7.52
351,San Patricio,US,2022-02-07 23:36:21,28.017,-97.5169,clear sky,66.29,43,0,10.22
352,Tadepallegudem,IN,2022-02-07 23:36:21,16.8333,81.5,few clouds,64.29,93,15,4.72
353,Vengurla,IN,2022-02-07 23:36:22,15.8667,73.6333,few clouds,70.75,92,20,8.21
354,Popondetta,PG,2022-02-07 23:36:22,-8.7537,148.2534,overcast clouds,83.62,75,98,1.95
355,Prachuap Khiri Khan,TH,2022-02-07 23:36:23,12.2167,99.75,overcast clouds,77.68,84,97,3.04
356,Boyolangu,ID,2022-02-07 23:36:24,-8.1181,111.8935,overcast clouds,77.4,85,100,7.25
357,Norsup,VU,2022-02-07 23:36:24,-16.0667,167.3833,very heavy rain,80.33,91,100,28.25
358,Pandan Niog,PH,2022-02-07 23:36:25,6.2282,120.5631,broken clouds,81.14,81,77,11.14
359,Avanigadda,IN,2022-02-07 23:36:25,16.0215,80.9181,broken clouds,67.89,88,51,3.06
360,Izhma,RU,2022-02-07 23:36:26,65.0083,53.9113,overcast clouds,9.52,94,100,5.68
361,Senno,RU,2022-02-07 23:36:27,59.5336,33.9167,overcast clouds,22.26,94,100,7.56
362,San Rafael,AR,2022-02-07 23:33:27,-34.6177,-68.3301,clear sky,79.16,34,0,9.17
363,Mount Isa,AU,2022-02-07 23:36:27,-20.7333,139.5,broken clouds,78.57,65,75,10.36
364,Formosa,AR,2022-02-07 23:36:28,-26.1775,-58.1781,clear sky,80.58,28,0,5.75
365,Kysyl-Syr,RU,2022-02-07 23:36:28,63.8986,122.7617,overcast clouds,-26.37,99,100,2.62
366,Richards Bay,ZA,2022-02-07 23:36:29,-28.783,32.0377,clear sky,69.98,91,7,4.09
367,Iracoubo,GF,2022-02-07 23:37:29,5.4802,-53.2011,broken clouds,77.09,87,71,8.88
368,Nishihara,JP,2022-02-07 23:37:30,26.1842,127.7558,mist,67.68,94,100,25.32
369,Fuengirola,ES,2022-02-07 23:37:30,36.54,-4.6247,clear sky,57.09,91,0,10.36
370,Salalah,OM,2022-02-07 23:37:30,17.0151,54.0924,clear sky,73.49,18,0,11.5
371,Kem,RU,2022-02-07 23:37:31,64.9555,34.5793,light snow,21.83,96,100,7.16
372,Anadyr,RU,2022-02-07 23:34:16,64.75,177.4833,mist,-23.3,76,20,6.71
373,Alugan,PH,2022-02-07 23:37:32,12.2188,125.4808,overcast clouds,79.12,85,85,16.06
374,Sibolga,ID,2022-02-07 23:37:32,1.7427,98.7792,overcast clouds,75.76,74,100,3.31
375,Sao Joao Da Barra,BR,2022-02-07 23:37:33,-21.6403,-41.0511,light rain,77.14,87,97,9.33
376,Catamarca,AR,2022-02-07 23:37:33,-28.4696,-65.7852,few clouds,75.04,67,14,12.91
377,Horta,PT,2022-02-07 23:37:34,38.5333,-28.6333,broken clouds,58.78,75,78,10.0
378,Domoni,KM,2022-02-07 23:37:34,-12.2569,44.5319,moderate rain,79.83,85,77,9.95
379,Bathsheba,BB,2022-02-07 23:37:35,13.2167,-59.5167,scattered clouds,77.61,73,40,16.11
380,Mabini,PH,2022-02-07 23:37:35,15.6,120.9833,overcast clouds,77.86,78,96,4.45
381,Taltal,CL,2022-02-07 23:37:36,-25.4,-70.4833,few clouds,67.86,75,22,4.92
382,Hastings,GB,2022-02-07 23:37:36,50.8552,0.5729,overcast clouds,51.53,87,86,17.31
383,Tarko-Sale,RU,2022-02-07 23:37:36,64.9225,77.785,broken clouds,-16.35,99,56,10.29
384,Avera,US,2022-02-07 23:37:37,33.194,-82.5271,overcast clouds,45.75,83,100,3.22
385,Valparaiso,CL,2022-02-07 23:36:35,-33.0393,-71.6273,scattered clouds,66.47,73,40,10.36
386,Logan Lake,CA,2022-02-07 23:37:37,50.4998,-120.8025,few clouds,42.8,91,19,6.44
387,Zhireken,RU,2022-02-07 23:37:38,52.8249,117.3076,overcast clouds,-2.38,99,100,1.39
388,Manuk Mangkaw,PH,2022-02-07 23:37:38,4.8,119.85,overcast clouds,80.38,77,99,6.06
389,Sembakung,ID,2022-02-07 23:37:39,3.8167,117.25,overcast clouds,76.93,97,98,1.19
390,Verkhoyansk,RU,2022-02-07 23:37:39,67.5447,133.385,overcast clouds,-45.02,100,94,2.06
391,Sao Gabriel Da Cachoeira,BR,2022-02-07 23:37:40,-0.1303,-67.0892,moderate rain,73.24,99,100,2.48
392,Luderitz,NA,2022-02-07 23:37:40,-26.6481,15.1594,scattered clouds,73.58,65,38,5.23
393,Kofele,ET,2022-02-07 23:37:41,7.0667,38.7833,overcast clouds,51.21,51,89,5.88
394,Karoi,ZW,2022-02-07 23:37:41,-16.8099,29.6925,scattered clouds,60.96,95,45,3.91
395,Flinders,AU,2022-02-07 23:37:42,-34.5833,150.8552,broken clouds,70.88,67,64,8.19
396,Riyadh,SA,2022-02-07 23:32:45,24.6877,46.7219,clear sky,51.94,38,0,6.87
397,Zhigansk,RU,2022-02-07 23:33:44,66.7697,123.3711,overcast clouds,-29.67,96,97,12.01
398,Vinstra,NO,2022-02-07 23:37:42,61.5952,9.7523,overcast clouds,14.58,98,91,1.01
399,Atambua,ID,2022-02-07 23:37:43,-9.1061,124.8925,broken clouds,79.47,74,76,0.81
400,Sept-Iles,CA,2022-02-07 23:37:43,50.2001,-66.3821,overcast clouds,15.06,87,100,5.75
401,Harper,LR,2022-02-07 23:37:44,4.375,-7.7169,overcast clouds,78.76,84,99,5.48
402,Shingu,JP,2022-02-07 23:37:44,33.7333,135.9833,overcast clouds,41.99,70,100,4.18
403,Kota Bahru,MY,2022-02-07 23:37:45,6.1333,102.2386,scattered clouds,75.15,100,40,0.0
404,Beaverlodge,CA,2022-02-07 23:37:45,55.2166,-119.4361,broken clouds,40.35,64,64,24.07
405,Padang,ID,2022-02-07 23:33:40,-0.9492,100.3543,overcast clouds,73.45,81,100,4.18
406,Gat,IL,2022-02-07 23:37:46,31.61,34.7642,few clouds,51.4,69,16,4.74
407,Luena,AO,2022-02-07 23:37:46,-11.7833,19.9167,overcast clouds,59.34,97,100,4.12
408,Rokytne,UA,2022-02-07 23:37:47,51.2796,27.214,overcast clouds,30.49,94,100,7.76
409,Chabahar,IR,2022-02-07 23:37:47,25.2919,60.643,clear sky,68.38,61,0,10.07
410,Kavieng,PG,2022-02-07 23:37:48,-2.5744,150.7967,broken clouds,84.76,71,73,9.37
411,Constitucion,CL,2022-02-07 23:37:49,-35.3333,-72.4167,few clouds,59.16,92,17,11.1
412,Vyborg,RU,2022-02-07 23:37:50,60.7076,28.7528,overcast clouds,31.33,99,91,4.27
413,Saint Austell,GB,2022-02-07 23:34:56,50.3383,-4.7658,overcast clouds,52.36,93,100,14.97
414,Buin,CL,2022-02-07 23:37:50,-33.7333,-70.75,clear sky,88.02,39,0,5.19
415,Znamenskoye,RU,2022-02-07 23:38:51,57.1281,73.8282,clear sky,4.37,92,6,7.72
416,Vila,PT,2022-02-07 23:38:51,42.0304,-8.1588,broken clouds,43.68,70,69,4.81
417,New Milford,US,2022-02-07 23:38:52,40.9327,-74.0179,light intensity drizzle,38.88,91,100,5.75
418,Inhambane,MZ,2022-02-07 23:38:52,-23.865,35.3833,light rain,76.26,85,41,11.59
419,Rivadavia,AR,2022-02-07 23:38:53,-33.1905,-68.4608,clear sky,84.67,32,3,8.75
420,Honningsvag,NO,2022-02-07 23:38:53,70.9821,25.9704,broken clouds,33.04,77,82,14.63
421,Birobidzhan,RU,2022-02-07 23:38:54,48.8,132.95,overcast clouds,-3.71,92,97,1.19
422,Liverpool,GB,2022-02-07 23:34:01,53.4106,-2.9779,few clouds,52.77,83,20,20.71
423,Gobabis,NA,2022-02-07 23:38:54,-22.45,18.9667,broken clouds,71.46,51,60,6.51
424,Tres Barras,BR,2022-02-07 23:38:55,-26.1064,-50.3222,clear sky,62.01,63,0,3.69
425,Likhoslavl,RU,2022-02-07 23:38:56,57.1275,35.464,overcast clouds,32.04,94,100,7.09
426,Port-Gentil,GA,2022-02-07 23:34:57,-0.7193,8.7815,broken clouds,82.36,83,75,6.91
427,Nisia Floresta,BR,2022-02-07 23:38:56,-6.0911,-35.2086,scattered clouds,82.78,71,36,10.96
428,Bonthe,SL,2022-02-07 23:38:57,7.5264,-12.505,overcast clouds,78.24,88,97,6.22
429,Shelburne,CA,2022-02-07 23:38:58,44.0787,-80.2041,overcast clouds,30.27,92,99,7.72
430,Talnakh,RU,2022-02-07 23:38:58,69.4865,88.3972,broken clouds,-19.71,97,64,9.37
431,The Valley,AI,2022-02-07 23:36:32,18.217,-63.0578,few clouds,77.09,73,20,8.05
432,Crossville,US,2022-02-07 23:38:59,35.949,-85.0269,clear sky,44.06,39,0,5.75
433,Yining,CN,2022-02-07 23:38:59,29.0361,114.5636,overcast clouds,34.86,93,100,2.24
434,Sarankhola,BD,2022-02-07 23:39:00,22.3082,89.7897,clear sky,57.6,75,1,2.33
435,Pierre,US,2022-02-07 23:39:00,44.3683,-100.351,clear sky,63.52,14,0,17.27
436,Manali,IN,2022-02-07 23:39:01,13.1667,80.2667,scattered clouds,78.08,77,46,3.58
437,Capinzal,BR,2022-02-07 23:39:01,-27.3436,-51.6119,clear sky,59.88,65,0,0.36
438,Sitka,US,2022-02-07 23:39:02,57.0531,-135.33,light rain,40.89,75,100,8.05
439,Nhulunbuy,AU,2022-02-07 23:39:03,-12.2333,136.7667,overcast clouds,81.21,89,100,2.3
440,Longyearbyen,SJ,2022-02-07 23:39:03,78.2186,15.6401,light snow,19.24,86,100,3.44
441,Xuddur,SO,2022-02-07 23:39:04,4.1213,43.8894,broken clouds,68.4,62,55,15.28
442,Maceio,BR,2022-02-07 23:37:10,-9.6658,-35.7353,few clouds,78.24,78,20,4.61
443,Keningau,MY,2022-02-07 23:39:04,5.3378,116.1602,broken clouds,72.05,90,81,3.22
444,Badulla,LK,2022-02-07 23:39:05,6.9895,81.0557,overcast clouds,64.62,90,100,3.98
445,Itaituba,BR,2022-02-07 23:39:05,-4.2761,-55.9836,overcast clouds,74.68,92,93,1.32
446,Villaviciosa,ES,2022-02-07 23:39:06,43.4813,-5.4357,few clouds,50.61,92,12,4.56
447,Shubarkuduk,KZ,2022-02-07 23:39:06,49.1447,56.4872,light snow,20.26,96,100,5.66
448,Teruel,ES,2022-02-07 23:39:07,40.6667,-0.6667,broken clouds,39.16,87,66,0.98
449,Lampa,CL,2022-02-07 23:39:08,-33.2833,-70.9,clear sky,79.63,34,0,14.97
450,Kattivakkam,IN,2022-02-07 23:36:46,13.2167,80.3167,broken clouds,78.08,77,55,3.98
451,Grenada,ES,2022-02-07 23:38:09,37.1882,-3.6067,clear sky,52.11,79,0,0.0
452,Kargasok,RU,2022-02-07 23:39:09,59.0556,80.8572,broken clouds,-15.79,100,51,4.74
453,Rio Muerto,MX,2022-02-07 23:39:09,27.4167,-110.2333,clear sky,82.92,35,0,15.52
454,Northam,GB,2022-02-07 23:39:10,51.0333,-4.2167,overcast clouds,51.91,88,100,17.11
455,Xinmin,CN,2022-02-07 23:39:10,41.9908,122.8253,light snow,12.45,67,3,2.59
456,Espanola,US,2022-02-07 23:39:11,35.9911,-106.0806,clear sky,44.55,70,1,4.56
457,Chor,PK,2022-02-07 23:39:12,25.5167,69.7667,clear sky,65.05,33,0,6.42
458,Cascais,PT,2022-02-07 23:36:27,38.6979,-9.4215,clear sky,59.97,45,0,10.0
459,Poum,NC,2022-02-07 23:35:25,-20.2333,164.0167,overcast clouds,81.21,89,96,33.78
460,Willowmore,ZA,2022-02-07 23:40:13,-33.2926,23.4895,scattered clouds,71.92,44,26,3.91
461,Port Macquarie,AU,2022-02-07 23:36:07,-31.4333,152.9167,overcast clouds,71.56,63,86,7.52
462,Canmore,CA,2022-02-07 23:40:14,51.0834,-115.3521,few clouds,43.25,55,13,6.91
463,Yarada,IN,2022-02-07 23:40:15,17.65,83.2667,mist,70.12,88,40,2.3
464,Pindiga,NG,2022-02-07 23:40:16,9.9833,10.9333,few clouds,70.86,24,18,11.34
465,Changde,CN,2022-02-07 23:40:16,29.0464,111.6783,broken clouds,31.37,92,75,4.12
466,Kabanjahe,ID,2022-02-07 23:40:17,3.1001,98.4908,overcast clouds,61.56,92,100,1.23
467,Lima,PE,2022-02-07 23:38:53,-12.0432,-77.0282,clear sky,72.9,69,0,9.22
468,Yerbogachen,RU,2022-02-07 23:40:18,61.2767,108.0108,overcast clouds,-20.72,100,99,4.97
469,Pavlivka,UA,2022-02-07 23:40:19,49.4414,28.4596,snow,32.65,98,100,15.37
470,Leningradskiy,RU,2022-02-07 23:40:19,69.3833,178.4167,clear sky,-26.61,94,6,4.79
471,Bilibino,RU,2022-02-07 23:40:20,68.0546,166.4372,clear sky,-15.81,77,5,4.14
472,Berlevag,NO,2022-02-07 23:40:20,70.8578,29.0864,overcast clouds,22.98,92,99,15.1
473,Hellvik,NO,2022-02-07 23:40:21,59.9156,5.781,light rain,45.28,96,100,12.64
474,Mabaruma,GY,2022-02-07 23:40:21,8.2,-59.7833,overcast clouds,74.26,86,86,4.74
475,Greenwood,US,2022-02-07 23:40:21,34.1668,-82.1165,overcast clouds,43.77,67,100,0.0
476,Roebourne,AU,2022-02-07 23:40:22,-20.7833,117.1333,overcast clouds,79.3,80,100,21.05
477,Port Hardy,CA,2022-02-07 23:39:11,50.6996,-127.4199,broken clouds,46.58,87,75,10.36
478,El Sobrante,US,2022-02-07 23:40:23,37.9772,-122.2953,clear sky,72.77,45,0,4.0
479,Beloha,MG,2022-02-07 23:36:55,-25.1667,45.05,overcast clouds,80.02,66,100,21.88
480,Kaohsiung,TW,2022-02-07 23:40:23,22.6163,120.3133,broken clouds,64.35,84,75,8.05
481,Orange Cove,US,2022-02-07 23:40:24,36.6244,-119.3137,clear sky,73.45,32,0,3.49
482,Dvorichna,UA,2022-02-07 23:40:24,49.8496,37.6857,overcast clouds,34.9,100,100,9.71
483,Peniche,PT,2022-02-07 23:40:25,39.3558,-9.3811,clear sky,58.48,61,0,5.97
484,Malokakhovka,UA,2022-02-07 23:40:26,46.7814,33.4479,overcast clouds,42.44,95,100,10.65
485,Saint-Georges,GD,2022-02-07 23:36:22,12.0564,-61.7485,broken clouds,78.48,83,75,13.8
486,Kodinsk,RU,2022-02-07 23:40:26,58.6881,99.1844,overcast clouds,-10.19,100,98,3.33
487,Sambava,MG,2022-02-07 23:35:59,-14.2667,50.1667,overcast clouds,76.14,87,100,3.91
488,Inta,RU,2022-02-07 23:40:27,66.0317,60.1659,overcast clouds,3.79,94,100,1.45
489,Shaunavon,CA,2022-02-07 23:40:28,49.6501,-108.4181,broken clouds,40.78,56,72,22.08
490,Tashigang,BT,2022-02-07 23:40:28,27.3331,91.5542,overcast clouds,43.83,90,92,1.59
491,Egvekinot,RU,2022-02-07 23:40:28,66.3167,-179.1667,clear sky,-17.79,75,4,12.68
492,Berdigestyakh,RU,2022-02-07 23:40:29,62.0989,126.6992,overcast clouds,-27.87,99,100,3.74
493,Port Hedland,AU,2022-02-07 23:40:29,-20.3167,118.5667,thunderstorm with rain,75.25,100,75,28.77
494,Kinsale,IE,2022-02-07 23:40:30,51.7075,-8.5306,broken clouds,51.24,93,75,13.8
495,Stornoway,GB,2022-02-07 23:40:30,58.2093,-6.3865,light rain,40.96,86,100,8.99
496,Nitra,SK,2022-02-07 23:40:31,48.3076,18.0845,few clouds,37.63,70,19,20.0
497,Mantua,IT,2022-02-07 23:40:31,45.1667,10.7833,clear sky,44.71,44,0,5.5
498,Coihaique,CL,2022-02-07 23:40:32,-45.5752,-72.0662,overcast clouds,67.95,45,100,6.91
499,Nouakchott,MR,2022-02-07 23:40:32,18.0858,-15.9785,few clouds,67.93,49,12,9.57
500,Motygino,RU,2022-02-07 23:40:33,58.1831,94.7592,overcast clouds,0.39,93,99,6.29
501,Naifaru,MV,2022-02-07 23:40:34,5.4444,73.3657,broken clouds,80.56,71,69,9.82
502,La Ronge,CA,2022-02-07 23:40:34,55.1001,-105.2842,overcast clouds,35.85,75,100,4.61
503,Pandan,PH,2022-02-07 23:40:35,14.0453,124.1694,overcast clouds,78.73,85,98,15.75
504,Aksarka,RU,2022-02-07 23:40:35,66.5606,67.7975,overcast clouds,0.64,92,100,11.03
505,Meulaboh,ID,2022-02-07 23:40:36,4.1363,96.1285,overcast clouds,76.28,81,100,3.49
506,Ca Mau,VN,2022-02-07 23:40:37,9.1769,105.15,broken clouds,76.32,88,66,4.32
507,Aguimes,ES,2022-02-07 23:40:37,27.9054,-15.4461,clear sky,66.83,30,0,12.66
508,Mujiayingzi,CN,2022-02-07 23:41:38,42.1167,118.7833,clear sky,13.46,64,0,6.15
509,Hakui,JP,2022-02-07 23:41:38,36.8833,136.7833,light snow,36.25,84,100,5.99
510,Karasjok,NO,2022-02-07 23:41:39,69.4719,25.5112,overcast clouds,17.71,96,100,2.26
511,Marsh Harbour,BS,2022-02-07 23:41:39,26.5412,-77.0636,clear sky,74.23,65,3,7.85
512,San Andres,CO,2022-02-07 23:41:27,12.5847,-81.7006,few clouds,80.62,69,20,8.05
513,Narsaq,GL,2022-02-07 23:41:40,60.9167,-46.05,overcast clouds,8.82,56,100,21.36
514,Hede,CN,2022-02-07 23:41:41,33.7681,120.2517,broken clouds,32.86,67,52,5.17
515,Prado,BR,2022-02-07 23:41:42,-17.3411,-39.2208,scattered clouds,77.52,84,48,7.76
516,Santa Rosa,PH,2022-02-07 23:41:42,14.3122,121.1114,broken clouds,80.85,78,84,11.92
517,Nianzishan,CN,2022-02-07 23:41:43,47.5167,122.8833,clear sky,6.22,85,4,3.8
518,San Policarpo,PH,2022-02-07 23:41:43,12.1791,125.5072,overcast clouds,79.54,84,85,17.07
519,Olga,RU,2022-02-07 23:41:44,43.7444,135.2892,clear sky,13.06,62,1,5.73
520,Cairns,AU,2022-02-07 23:39:53,-16.9167,145.7667,scattered clouds,85.1,72,40,8.05
521,Mogadishu,SO,2022-02-07 23:41:45,2.0371,45.3438,broken clouds,75.31,77,55,18.43
522,Tijucas,BR,2022-02-07 23:41:45,-27.2414,-48.6336,broken clouds,77.02,69,71,6.53
523,Arvika,SE,2022-02-07 23:41:46,59.6553,12.5852,snow,34.41,84,98,12.84
524,Vega De Alatorre,MX,2022-02-07 23:41:46,20.0333,-96.6333,overcast clouds,61.88,88,96,19.64
525,San Jose,US,2022-02-07 23:37:22,37.3394,-121.895,clear sky,71.71,42,0,5.99
526,Kampot,KH,2022-02-07 23:41:47,10.6167,104.1833,broken clouds,75.25,77,77,2.91
527,Tura,IN,2022-02-07 23:41:48,25.5198,90.2201,clear sky,51.69,69,0,1.83
528,Langsa,ID,2022-02-07 23:41:49,4.4683,97.9683,light rain,72.19,96,100,3.33
529,Wahiawa,US,2022-02-07 23:41:49,21.5028,-158.0236,overcast clouds,79.12,68,100,11.5
530,Katsuura,JP,2022-02-07 23:41:50,35.1333,140.3,heavy intensity rain,42.19,89,100,15.68
531,Pascagoula,US,2022-02-07 23:41:52,30.3658,-88.5561,clear sky,53.65,71,0,3.44
532,Camana,PE,2022-02-07 23:41:52,-16.6228,-72.7111,broken clouds,71.55,79,68,5.37
533,Marawi,PH,2022-02-07 23:41:53,7.9986,124.2928,broken clouds,73.89,72,80,2.1
534,San Lawrenz,MT,2022-02-07 23:41:54,36.0553,14.204,broken clouds,56.86,83,56,5.99
535,Edd,ER,2022-02-07 23:41:55,13.9297,41.6925,broken clouds,75.4,76,67,6.6
536,Cururupu,BR,2022-02-07 23:41:56,-1.8283,-44.8683,broken clouds,75.31,93,61,2.86
537,Melnikovo,RU,2022-02-07 23:41:57,56.5558,84.085,overcast clouds,-8.84,100,97,3.83
538,Ibra,OM,2022-02-07 23:41:57,22.6906,58.5334,few clouds,58.44,65,23,3.67
539,Brunswick,US,2022-02-07 23:41:58,41.2381,-81.8418,broken clouds,30.87,78,75,11.5
540,Shar,KZ,2022-02-07 23:41:58,49.5886,81.0453,broken clouds,9.68,91,62,6.73
541,Kayerkan,RU,2022-02-07 23:41:59,69.3497,87.7602,scattered clouds,-19.44,98,46,7.0
542,Deputatskiy,RU,2022-02-07 23:42:00,69.3,139.9,broken clouds,-34.98,96,83,3.62
543,Dutse,NG,2022-02-07 23:42:00,11.7594,9.3392,few clouds,65.21,22,12,8.68
544,Lahaina,US,2022-02-07 23:37:03,20.8783,-156.6825,clear sky,82.4,80,2,9.73
545,Mayo,US,2022-02-07 23:42:01,38.8876,-76.5119,mist,40.37,92,100,5.75
546,Nerchinskiy Zavod,RU,2022-02-07 23:42:01,51.3088,119.61,overcast clouds,-19.77,100,100,1.3
547,Kampene,CD,2022-02-07 23:42:02,-3.6,26.6667,light rain,67.06,95,96,1.81
548,Cap Malheureux,MU,2022-02-07 23:42:02,-19.9842,57.6142,broken clouds,77.49,87,80,1.99
549,Samarai,PG,2022-02-07 23:42:03,-10.6167,150.6667,broken clouds,83.32,71,63,5.06
550,Beidao,CN,2022-02-07 23:42:04,34.5686,105.8933,overcast clouds,20.8,90,100,3.15
551,Teguise,ES,2022-02-07 23:42:04,29.0605,-13.564,clear sky,64.62,56,0,14.97
552,Loralai,PK,2022-02-07 23:42:05,30.3705,68.598,clear sky,42.67,45,0,1.9
553,Navirai,BR,2022-02-07 23:42:05,-23.065,-54.1906,clear sky,66.06,53,1,3.87
554,Exeter,GB,2022-02-07 23:38:02,50.7236,-3.5275,broken clouds,53.11,83,75,8.05
555,Manado,ID,2022-02-07 23:42:06,1.487,124.8455,scattered clouds,77.77,94,40,0.0
556,Kulhudhuffushi,MV,2022-02-07 23:42:06,6.6221,73.07,few clouds,79.34,72,12,9.62
557,Bowen,AU,2022-02-07 23:43:08,-20.0167,148.2333,overcast clouds,80.82,62,95,7.29
558,Kamenka,RU,2022-02-07 23:43:09,51.3223,42.7678,light snow,29.75,97,100,12.91
559,Chapleau,CA,2022-02-07 23:43:09,47.8405,-83.4034,overcast clouds,10.49,85,100,4.61
560,Weligama,LK,2022-02-07 23:43:10,5.9667,80.4167,overcast clouds,74.52,87,100,5.12
561,Mangaluru,IN,2022-02-07 23:43:11,12.8667,74.8833,broken clouds,72.46,88,51,4.61
562,Zalantun,CN,2022-02-07 23:43:11,48.0,122.7167,clear sky,3.52,85,4,5.88
563,Abu Samrah,SY,2022-02-07 23:43:12,35.3029,37.1841,broken clouds,49.93,87,79,5.7
564,Ottumwa,US,2022-02-07 23:43:12,41.02,-92.4113,overcast clouds,34.66,68,100,8.05
565,Ostrovnoy,RU,2022-02-07 23:43:13,68.0531,39.5131,overcast clouds,17.96,89,100,20.02
566,Manakara,MG,2022-02-07 23:43:13,-22.1333,48.0167,overcast clouds,77.77,92,100,10.22
567,Kankan,GN,2022-02-07 23:43:14,10.3854,-9.3057,broken clouds,74.86,14,68,1.43
568,Dingle,PH,2022-02-07 23:43:15,10.9995,122.6711,scattered clouds,78.91,84,49,10.63
569,Vardo,NO,2022-02-07 23:43:15,70.3705,31.1107,broken clouds,22.98,86,75,24.16
570,Flin Flon,CA,2022-02-07 23:43:16,54.7682,-101.865,overcast clouds,26.44,80,100,4.61
571,Salzwedel,DE,2022-02-07 23:43:16,52.85,11.15,overcast clouds,39.85,85,96,12.01
572,Khovu-Aksy,RU,2022-02-07 23:43:17,51.1333,93.6,overcast clouds,-4.88,81,100,3.71
573,Guatire,VE,2022-02-07 23:43:17,10.4762,-66.5427,overcast clouds,82.9,96,88,2.95
574,Henties Bay,NA,2022-02-07 23:43:18,-22.116,14.2845,moderate rain,69.85,91,79,3.67
575,Tucumcari,US,2022-02-07 23:43:19,35.1717,-103.725,clear sky,53.44,14,0,3.91
576,Conde,BR,2022-02-07 23:43:19,-7.2597,-34.9075,clear sky,80.06,78,0,6.91
577,Komsomolskiy,UZ,2022-02-07 23:43:20,40.4272,71.7189,mist,36.32,87,100,4.61
578,Praia Da Vitoria,PT,2022-02-07 23:43:20,38.7333,-27.0667,scattered clouds,59.76,82,40,3.89
579,Peterhead,GB,2022-02-07 23:43:21,57.5058,-1.7981,overcast clouds,51.12,85,97,17.58
580,Paragominas,BR,2022-02-07 23:43:21,-2.9667,-47.4833,scattered clouds,73.31,96,45,2.35
581,Yar-Sale,RU,2022-02-07 23:43:22,66.8333,70.8333,overcast clouds,2.44,87,100,16.04
582,Allahabad,IN,2022-02-07 23:43:23,25.45,81.85,clear sky,51.62,68,0,3.62
583,Aswan,EG,2022-02-07 23:43:23,24.0934,32.907,clear sky,58.3,35,0,5.75
584,Mlonggo,ID,2022-02-07 23:43:23,-6.5333,110.7,overcast clouds,78.69,83,98,3.85
585,Sao Domingos,BR,2022-02-07 23:43:24,-13.3983,-46.3183,overcast clouds,71.55,88,100,1.5
586,Tahoua,NE,2022-02-07 23:43:25,14.8888,5.2692,clear sky,66.67,11,0,12.26
587,Miass,RU,2022-02-07 23:43:25,55.045,60.1083,broken clouds,0.61,99,76,0.96
588,Rocha,UY,2022-02-07 23:43:26,-34.4833,-54.3333,scattered clouds,62.96,78,28,9.1
589,Marzuq,YE,2022-02-07 23:43:26,14.4,46.4667,scattered clouds,59.02,41,43,4.38
590,Mezen,RU,2022-02-07 23:43:27,65.8522,44.24,broken clouds,5.77,96,84,6.98
591,Umm Lajj,SA,2022-02-07 23:43:27,25.0213,37.2685,clear sky,69.49,37,0,13.53
592,Vagay,RU,2022-02-07 23:43:28,57.9375,69.0217,broken clouds,3.47,95,55,7.31
593,Svetlogorsk,BY,2022-02-07 23:43:28,52.6333,29.7333,overcast clouds,31.48,93,100,5.12
594,Yarim,YE,2022-02-07 23:43:29,14.298,44.3779,overcast clouds,49.93,65,94,1.36
595,Bud,US,2022-02-07 23:43:29,39.447,-86.1758,scattered clouds,24.89,77,43,4.68
596,Tevaitoa,PF,2022-02-07 23:43:30,-16.7833,-151.5,light rain,81.46,77,100,19.84
597,Issoire,FR,2022-02-07 23:43:30,45.55,3.25,few clouds,31.26,88,11,1.1
598,Labuhan,ID,2022-02-07 23:40:51,-6.8844,112.2051,overcast clouds,79.54,83,100,5.79
599,Ferrol,ES,2022-02-07 23:43:31,43.4832,-8.2369,scattered clouds,49.68,84,28,5.5
600,Clermont,FR,2022-02-07 23:38:57,49.5,2.4167,scattered clouds,46.04,89,29,9.08
601,Jagdalpur,IN,2022-02-07 23:43:32,19.0667,82.0333,clear sky,56.73,34,7,1.72
602,Vila Franca Do Campo,PT,2022-02-07 23:44:33,37.7167,-25.4333,overcast clouds,61.2,78,100,8.12
603,Jarvenpaa,FI,2022-02-07 23:44:33,60.4737,25.0899,broken clouds,32.09,86,75,8.05
604,Turayf,SA,2022-02-07 23:44:34,31.6725,38.6637,clear sky,41.25,87,0,4.61
605,Jardim,BR,2022-02-07 23:40:35,-21.4803,-56.1381,clear sky,72.43,45,0,5.5
606,Luziania,BR,2022-02-07 23:42:09,-16.2525,-47.9503,overcast clouds,73.09,91,100,1.9
607,Brae,GB,2022-02-07 23:44:35,60.3964,-1.353,overcast clouds,44.51,72,90,29.62
608,Pantai Remis,MY,2022-02-07 23:44:36,4.4557,100.6288,overcast clouds,75.22,88,99,3.49
609,Bismarck,US,2022-02-07 23:42:41,46.8083,-100.7837,clear sky,48.04,50,0,9.22
610,Moose Factory,CA,2022-02-07 23:44:36,51.2585,-80.6094,clear sky,-4.0,92,0,4.61
611,Kushiro,JP,2022-02-07 23:44:37,42.975,144.3747,few clouds,16.75,79,20,3.44
612,Nakonde,ZM,2022-02-07 23:44:37,-9.3421,32.745,overcast clouds,58.21,95,100,2.91
613,Dehloran,IR,2022-02-07 23:44:38,32.6941,47.2679,clear sky,51.76,45,0,3.8
614,Fez,MA,2022-02-07 23:44:39,34.0372,-4.9998,clear sky,51.91,66,0,3.44
615,Saint-Imier,CH,2022-02-07 23:44:39,47.1528,6.9969,clear sky,29.88,65,2,0.81
616,Porbandar,IN,2022-02-07 23:44:40,21.6422,69.6093,clear sky,66.24,79,2,6.2
617,Faridkot,IN,2022-02-07 23:44:42,30.6667,74.75,clear sky,47.84,75,0,5.88
618,Mnogovershinnyy,RU,2022-02-07 23:44:42,53.9353,139.9242,overcast clouds,5.4,86,100,4.88
619,Viedma,AR,2022-02-07 23:44:43,-40.8135,-62.9967,clear sky,69.49,51,0,17.81
620,Ndjole,GA,2022-02-07 23:44:44,-0.1783,10.7649,scattered clouds,76.32,93,30,2.55
621,Dalmatovo,RU,2022-02-07 23:44:45,56.26,62.9362,overcast clouds,-1.44,100,90,5.66
622,Novoorsk,RU,2022-02-07 23:44:46,51.381,58.9813,light snow,16.45,96,100,7.45
623,Norman Wells,CA,2022-02-07 23:44:47,65.282,-126.8329,light snow,-18.36,63,75,16.11
624,Belaya Gora,RU,2022-02-07 23:44:47,68.5333,146.4167,broken clouds,-48.95,100,83,2.33
625,Vestmanna,FO,2022-02-07 23:44:48,62.1564,-7.1664,snow,32.92,80,75,23.02
626,Laguna,US,2022-02-07 23:44:49,38.421,-121.4238,clear sky,73.49,40,0,4.61
627,Comodoro Rivadavia,AR,2022-02-07 23:44:51,-45.8667,-67.5,clear sky,91.26,9,0,12.66
628,Leh,IN,2022-02-07 23:44:52,34.1667,77.5833,overcast clouds,-3.33,94,99,3.31
629,Nizhniy Tsasuchey,RU,2022-02-07 23:44:53,50.5167,115.1333,overcast clouds,4.01,95,100,5.32
630,Zhoucheng,CN,2022-02-07 23:44:53,35.9122,116.3117,few clouds,32.67,52,24,4.07
631,Emerald,AU,2022-02-07 23:44:55,-23.5333,148.1667,clear sky,78.94,50,0,10.36
632,Ferme-Neuve,CA,2022-02-07 23:44:56,46.7001,-75.4493,overcast clouds,28.18,97,98,3.83
633,Pitimbu,BR,2022-02-07 23:44:57,-7.4706,-34.8086,few clouds,81.19,69,13,9.78
634,Rio Grande,BR,2022-02-07 23:44:57,-32.035,-52.0986,clear sky,66.94,68,7,18.1
635,Birjand,IR,2022-02-07 23:44:58,32.8663,59.2211,scattered clouds,34.27,69,40,0.0
636,Mascote,BR,2022-02-07 23:44:59,-15.5631,-39.3025,broken clouds,73.17,91,83,2.35
637,Mecca,SA,2022-02-07 23:45:00,21.4267,39.8261,clear sky,67.89,46,3,1.12
638,Mayumba,GA,2022-02-07 23:45:01,-3.432,10.6554,broken clouds,77.41,92,78,7.29
639,Huangnihe,CN,2022-02-07 23:45:02,43.5583,128.0239,few clouds,7.16,86,13,2.77
640,Iquique,CL,2022-02-07 23:45:03,-20.2208,-70.1431,scattered clouds,69.84,81,48,6.13
641,Portobelo,PA,2022-02-07 23:45:04,9.55,-79.65,few clouds,84.61,74,23,8.61
642,Raudeberg,NO,2022-02-07 23:45:04,61.9875,5.1352,overcast clouds,40.87,92,100,10.0
643,Takaka,NZ,2022-02-07 23:45:05,-40.85,172.8,broken clouds,73.92,66,79,7.74
644,San Carlos,VE,2022-02-07 23:43:58,9.6612,-68.5827,broken clouds,83.28,57,84,3.98
645,Prattville,US,2022-02-07 23:43:32,32.464,-86.4597,clear sky,51.31,68,0,6.91
646,Kahului,US,2022-02-07 23:45:07,20.8947,-156.47,few clouds,82.42,66,20,19.57
647,Mitsamiouli,KM,2022-02-07 23:45:08,-11.3847,43.2844,light rain,81.61,80,90,13.44
648,Ligayan,PH,2022-02-07 23:46:08,4.6533,119.4706,light rain,80.31,79,100,9.08
649,Rusape,ZW,2022-02-07 23:46:09,-18.5278,32.1284,scattered clouds,55.94,94,31,1.68
650,Impfondo,CG,2022-02-07 23:46:10,1.6381,18.0667,few clouds,70.38,32,14,1.5
651,Babstovo,RU,2022-02-07 23:46:10,48.1167,132.4833,broken clouds,-2.49,96,79,0.81
652,Simao,CN,2022-02-07 23:46:10,22.7886,100.9748,clear sky,45.81,97,0,1.63
653,Elko,US,2022-02-07 23:46:11,41.0002,-115.5012,clear sky,51.82,47,0,1.97
654,Noumea,NC,2022-02-07 23:46:11,-22.2763,166.4572,light rain,82.99,99,90,15.1
655,Ladario,BR,2022-02-07 23:46:12,-19.0047,-57.6017,overcast clouds,73.58,72,100,1.83
656,Faya,SA,2022-02-07 23:46:13,18.3851,42.4509,scattered clouds,51.91,75,33,2.44
657,Mazagao,BR,2022-02-07 23:46:13,-0.115,-51.2894,light rain,80.65,95,91,3.85
658,Klamath Falls,US,2022-02-07 23:45:46,42.2249,-121.7817,clear sky,55.31,34,0,6.91
659,Hami,CN,2022-02-07 23:46:14,42.8,93.45,clear sky,23.29,42,2,1.95
660,Gornopravdinsk,RU,2022-02-07 23:46:14,60.05,69.9,scattered clouds,7.36,91,31,9.1
661,Gourcy,BF,2022-02-07 23:46:15,13.2167,-2.35,clear sky,70.2,14,0,9.31
662,Abalak,RU,2022-02-07 23:46:15,58.1286,68.5944,scattered clouds,3.02,95,38,7.9
663,High Level,CA,2022-02-07 23:46:16,58.5169,-117.136,light snow,12.31,92,75,11.5
664,Russell,US,2022-02-07 23:45:27,32.3502,-85.1999,broken clouds,51.4,66,75,0.0
665,Lasa,IT,2022-02-07 23:46:17,46.6166,10.7002,scattered clouds,29.35,61,27,9.19
666,Megion,RU,2022-02-07 23:46:17,61.0296,76.1136,few clouds,-8.99,98,11,8.93
667,Vestmannaeyjar,IS,2022-02-07 23:46:18,63.4427,-20.2734,light snow,31.28,72,100,47.8
668,Dukat,RU,2022-02-07 23:46:18,62.55,155.55,broken clouds,-11.92,66,69,1.79
669,Neiafu,TO,2022-02-07 23:46:19,-18.65,-173.9833,overcast clouds,79.48,83,100,23.26
670,Teguldet,RU,2022-02-07 23:46:20,57.3064,88.1667,scattered clouds,-12.87,100,31,3.13
671,Swinford,IE,2022-02-07 23:46:20,53.95,-8.95,overcast clouds,48.07,85,100,11.54
672,Cockburn Town,TC,2022-02-07 23:43:02,21.4612,-71.1419,scattered clouds,76.96,65,40,16.11
673,Newport,GB,2022-02-07 23:46:21,51.5877,-2.9984,overcast clouds,52.25,85,100,1.99
674,Gigmoto,PH,2022-02-07 23:46:21,13.7796,124.39,overcast clouds,78.87,85,97,15.26
675,Nagornskiy,RU,2022-02-07 23:46:22,58.7731,57.5451,broken clouds,-4.22,93,52,5.57
676,Cuamba,MZ,2022-02-07 23:46:23,-14.8031,36.5372,few clouds,66.54,97,21,2.59
677,Linhares,BR,2022-02-07 23:46:23,-19.3911,-40.0722,broken clouds,74.62,90,74,3.44
678,Inuvik,CA,2022-02-07 23:46:23,68.3499,-133.7218,scattered clouds,-27.36,68,40,5.75
679,Kholodnyy,RU,2022-02-07 23:46:24,62.7167,147.95,broken clouds,-30.05,87,60,0.83
680,Ninghai,CN,2022-02-07 23:46:25,29.2892,121.4247,overcast clouds,42.73,95,100,6.38
681,El Campo,US,2022-02-07 23:43:44,29.1966,-96.2697,clear sky,59.29,38,0,8.05
682,Chapais,CA,2022-02-07 23:46:25,49.7834,-74.8492,light snow,10.18,95,100,7.09
683,Weyburn,CA,2022-02-07 23:46:26,49.6668,-103.8511,broken clouds,39.42,56,84,5.75
684,Grenville,GD,2022-02-07 23:46:26,12.1167,-61.6167,scattered clouds,78.85,81,27,18.48
685,Masindi,UG,2022-02-07 23:46:27,1.6744,31.715,overcast clouds,68.38,62,100,3.53
686,Sunbury,AU,2022-02-07 23:46:27,-37.5833,144.7333,clear sky,79.56,46,0,25.32
687,Pozo Colorado,PY,2022-02-07 23:46:28,-23.4923,-58.7972,few clouds,70.25,50,16,3.8
688,Asau,RO,2022-02-07 23:46:28,46.4333,26.4,overcast clouds,38.75,94,100,4.88
689,Juneau,US,2022-02-07 23:45:29,58.3019,-134.4197,broken clouds,40.21,86,75,12.66
690,Honiara,SB,2022-02-07 23:46:29,-9.4333,159.95,overcast clouds,84.4,75,100,8.52
691,Iquitos,PE,2022-02-07 23:45:02,-3.7481,-73.2472,light rain,82.44,78,75,3.44
692,Along,IN,2022-02-07 23:46:29,28.1667,94.7667,broken clouds,45.48,86,51,1.43
693,Kendari,ID,2022-02-07 23:46:30,-3.945,122.4989,overcast clouds,78.93,86,93,3.0
694,Salta,AR,2022-02-07 23:46:30,-24.7859,-65.4117,overcast clouds,66.79,77,100,3.0
695,Tessalit,ML,2022-02-07 23:46:31,20.1986,1.0114,clear sky,64.67,11,0,7.45
696,Sozimskiy,RU,2022-02-07 23:47:31,59.7418,52.2482,overcast clouds,9.45,98,100,3.18
697,Moroto,UG,2022-02-07 23:47:32,2.5345,34.6666,overcast clouds,70.65,46,94,4.83
698,Seydisehir,TR,2022-02-07 23:47:32,37.4193,31.8453,overcast clouds,36.79,97,95,5.14
699,Chapayeve,UA,2022-02-07 23:47:33,49.3662,35.8749,overcast clouds,33.62,100,100,8.48
700,Krasnik,PL,2022-02-07 23:47:33,50.9236,22.2271,overcast clouds,35.28,78,85,17.56
701,Irbil,IQ,2022-02-07 23:46:08,36.1926,44.0106,few clouds,42.42,65,20,3.31
702,Bam,IR,2022-02-07 23:47:34,29.106,58.357,clear sky,49.91,34,1,10.42
703,Bolshoy Lug,RU,2022-02-07 23:47:35,52.0779,104.0919,light snow,15.98,98,99,2.17
704,Lermontovka,RU,2022-02-07 23:47:35,47.1453,134.3383,overcast clouds,3.52,95,100,3.62
705,Nyaunglebin,MM,2022-02-07 23:47:36,17.95,96.7333,broken clouds,58.17,60,82,1.68
706,Batemans Bay,AU,2022-02-07 23:47:36,-35.7167,150.1833,overcast clouds,71.2,54,91,6.11
707,Buala,SB,2022-02-07 23:47:37,-8.145,159.5921,overcast clouds,84.81,76,100,12.28
708,Nantucket,US,2022-02-07 23:47:37,41.2835,-70.0995,overcast clouds,44.71,91,100,20.07
709,Srinivaspur,IN,2022-02-07 23:47:38,13.3333,78.2167,scattered clouds,63.61,94,50,5.12
710,Kununurra,AU,2022-02-07 23:47:38,-15.7667,128.7333,overcast clouds,82.38,83,100,4.61
711,Plettenberg Bay,ZA,2022-02-07 23:47:39,-34.0527,23.3716,broken clouds,67.26,60,61,2.53
712,Puerto Princesa,PH,2022-02-07 23:47:39,9.7392,118.7353,overcast clouds,79.79,74,100,3.2
713,Oussouye,SN,2022-02-07 23:47:40,12.485,-16.5469,scattered clouds,75.38,69,28,5.23
714,Caravelas,BR,2022-02-07 23:47:40,-17.7125,-39.2481,scattered clouds,77.7,83,38,6.29
715,Pudozh,RU,2022-02-07 23:47:41,61.8099,36.5345,overcast clouds,15.62,94,98,7.23
716,Hwange,ZW,2022-02-07 23:47:41,-18.3693,26.5019,few clouds,67.77,82,14,1.74
717,Mubende,UG,2022-02-07 23:47:42,0.5606,31.39,overcast clouds,61.81,87,99,1.9
718,Aranos,NA,2022-02-07 23:47:43,-24.1333,19.1167,broken clouds,73.85,57,81,5.53
719,Almeirim,BR,2022-02-07 23:46:07,-1.5233,-52.5817,broken clouds,75.49,92,56,2.48
720,Buraydah,SA,2022-02-07 23:47:43,26.326,43.975,clear sky,46.85,35,0,5.64
721,Urumqi,CN,2022-02-07 23:44:38,43.801,87.6005,overcast clouds,5.95,78,99,2.24
722,Kaufbeuren,DE,2022-02-07 23:47:44,47.8833,10.6167,clear sky,31.87,81,10,11.5
723,Santarem,BR,2022-02-07 23:47:44,-2.4431,-54.7083,few clouds,77.13,100,20,2.3
724,Talas,TR,2022-02-07 23:47:45,38.6908,35.5538,broken clouds,30.87,86,75,0.0
725,Consaca,CO,2022-02-07 23:47:45,1.2154,-77.4696,light rain,66.85,98,100,1.54
726,Calama,CL,2022-02-07 23:46:41,-22.4667,-68.9333,clear sky,70.29,14,0,23.02
727,Kavaratti,IN,2022-02-07 23:47:46,10.5669,72.642,few clouds,77.81,73,11,11.65
